aadhaar,name,age,district,income_category,annual_income,livelihood,land_owned,house_type,house_ownership,dependents,is_sole_earner,has_insurance,savings_months,employer_support,family_support,previously_excluded,flood_severity,vulnerability_score,priority_tier,compensation_inr,phone,email
2535 4582 4811,Suresh Kumar,54,"Darbhanga, Bihar",poor,44628,daily_wage,0.0,semi_pucca,rented,6,1,0,0.7,0,0,0,28,88,Critical,100000,6043321819,suresh423@yahoo.com
6574 5552 3547,Vijay Yadav,35,"Alappuzha, Kerala",middle,232124,farmer,3.8,pucca,owned,3,0,0,3.2,0,1,0,20,42,Medium,20000,8120800800,preetishajain6@gmail.com
5803 6925 4150,Murugan Das,67,"Morigaon, Assam",poor,53526,daily_wage,0.0,kutcha,owned,2,0,0,0.8,0,0,0,25,70,High,75000,7863794026,srishtisaluja17@gmail.com
7065 6820 4432,Radha Patel,64,"Darbhanga, Bihar",poor,48965,daily_wage,0.0,semi_pucca,rented,5,0,0,0.9,0,0,0,28,83,Critical,100000,8423511615,radha623@gmail.com
1916 4752 1525,Santosh Mehta,42,"Morigaon, Assam",lower_middle,150010,daily_wage,0.0,semi_pucca,owned,4,0,0,1.1,0,0,0,25,70,High,50000,8940781618,santosh193@yahoo.com
5339 3287 5040,Parvathi Singh,57,"Srikakulam, Andhra Pradesh",poor,67170,daily_wage,0.0,kutcha,rented,6,0,0,0.7,0,0,0,22,82,Critical,100000,8959310341,parvathi245@gmail.com
3504 3621 7916,Anita Devi,60,"Alappuzha, Kerala",middle,333245,salaried_private,0.0,pucca,owned,2,0,0,2.8,0,1,0,20,39,Medium,20000,7164752553,anita264@outlook.com
6573 2827 5808,Siva Rao,49,"Darbhanga, Bihar",poor,60674,farmer,1.0,kutcha,owned,2,1,0,0.0,0,0,0,28,72,High,75000,8192832764,siva146@gmail.com
4258 3504 7126,Rajesh Chaudhary,32,"Araria, Bihar",poor,77164,farmer,0.5,kutcha,owned,3,1,0,0.9,0,0,1,26,80,Critical,100000,7503056413,bhumitulsyan0756@gmail.com
2290 2403 8962,Rekha Menon,26,"Alappuzha, Kerala",lower_middle,82552,daily_wage,0.0,semi_pucca,rented,2,1,0,3.0,0,0,1,20,70,High,50000,8376724238,rekha98@yahoo.com
7537 7118 8177,Prakash Pillai,55,"Alappuzha, Kerala",lower_middle,152063,farmer,1.6,kutcha,owned,1,1,0,2.9,0,0,0,20,64,High,50000,8969653287,prakash267@outlook.com
2104 1514 6413,Anita Reddy,26,"Srikakulam, Andhra Pradesh",poor,52156,daily_wage,0.0,kutcha,rented,3,1,0,0.6,0,1,0,22,77,Critical,100000,6012269166,anita756@outlook.com
2545 2588 8062,Govind Nair,44,"Alappuzha, Kerala",lower_middle,108080,farmer,1.9,semi_pucca,owned,4,0,0,1.7,0,1,0,20,54,High,50000,9848018451,govind402@outlook.com
4116 9786 8350,Rekha Nair,30,"Srikakulam, Andhra Pradesh",poor,33550,farmer,1.0,kutcha,owned,3,1,0,0.4,0,1,0,22,66,High,75000,8627048281,rekha553@gmail.com
3724 7658 8956,Kavitha Reddy,52,"Srikakulam, Andhra Pradesh",lower_middle,89880,farmer,2.2,semi_pucca,owned,0,0,0,0.2,0,0,0,22,48,Medium,30000,8893252880,kavitha710@gmail.com
4111 5861 4566,Nalini Singh,25,"Araria, Bihar",lower_middle,80282,small_business,0.0,kutcha,rented,2,0,0,2.4,0,0,1,26,75,Critical,75000,8701543039,nalini727@yahoo.com
2122 2113 4853,Kavitha Patel,47,"Alappuzha, Kerala",poor,33286,daily_wage,0.0,semi_pucca,rented,5,1,0,0.9,0,1,0,20,75,Critical,100000,6171822782,kavitha561@outlook.com
5351 7484 3144,Babu Reddy,64,"Darbhanga, Bihar",rich,966688,business_owner,8.0,pucca,owned,4,0,1,15.4,0,0,0,28,28,Medium,0,8896383465,babu101@gmail.com
2127 5002 7054,Arvind Jha,40,"Morigaon, Assam",poor,34754,farmer,0.6,kutcha,owned,1,1,0,0.1,0,0,0,25,69,High,75000,9871331509,arvind970@gmail.com
5333 2891 2753,Rajan Singh,57,"Araria, Bihar",middle,364428,salaried_private,0.0,pucca,owned,3,1,0,5.0,0,0,0,26,55,High,35000,7930103105,rajan648@outlook.com
7939 5533 1722,Anita Das,22,"Araria, Bihar",poor,77029,daily_wage,0.0,kutcha,owned,3,1,0,0.9,0,0,1,26,86,Critical,100000,6834738299,anita511@yahoo.com
1590 7049 3426,Lakshmi Iyer,49,"Morigaon, Assam",poor,40589,daily_wage,0.0,semi_pucca,owned,5,0,0,0.4,0,1,1,25,75,Critical,100000,9376311656,lakshmi214@outlook.com
3532 4878 3662,Govind Chaudhary,33,"Araria, Bihar",poor,32614,daily_wage,0.0,kutcha,owned,4,0,0,0.2,0,1,0,26,71,High,75000,9701065133,govind441@outlook.com
7267 1634 8711,Vijay Devi,36,"Srikakulam, Andhra Pradesh",poor,51770,daily_wage,0.0,kutcha,owned,3,0,0,0.7,0,0,1,22,77,Critical,100000,7872624731,vijay749@gmail.com
9346 7548 9785,Pushpa Jha,43,"Araria, Bihar",lower_middle,109831,small_business,0.0,semi_pucca,rented,2,1,0,1.2,0,1,1,26,70,High,50000,9810801326,pushpa637@gmail.com
9379 2894 7311,Babu Yadav,58,"Darbhanga, Bihar",rich,1548967,salaried_govt,0.0,pucca,owned,4,0,0,6.7,1,0,0,28,34,Medium,0,9736026064,babu612@gmail.com
8066 2146 6409,Prakash Jha,61,"Araria, Bihar",upper_middle,771607,small_business,0.0,semi_pucca,owned,5,0,1,10.3,0,0,0,26,45,Medium,10000,9468723430,prakash231@yahoo.com
3851 5930 7653,Govind Mishra,57,"Morigaon, Assam",lower_middle,146469,daily_wage,0.0,semi_pucca,owned,5,1,0,1.2,0,1,1,25,80,Critical,75000,6500978820,govind821@yahoo.com
5649 9445 6491,Vijay Das,27,"Darbhanga, Bihar",poor,68009,daily_wage,0.0,kutcha,rented,2,1,0,0.4,0,0,0,28,83,Critical,100000,6219136193,vijay933@yahoo.com
4185 7291 9099,Govind Menon,47,"Araria, Bihar",poor,39656,daily_wage,0.0,kutcha,owned,2,1,0,0.5,0,0,1,26,81,Critical,100000,6916998543,govind817@yahoo.com
1822 5082 2988,Kamala Gupta,51,"Araria, Bihar",poor,79215,daily_wage,0.0,semi_pucca,owned,2,0,0,0.8,0,1,0,26,61,High,75000,8346247510,kamala392@outlook.com
9976 8305 3607,Rajesh Yadav,52,"Araria, Bihar",middle,319233,salaried_private,0.0,pucca,owned,3,0,0,5.8,0,0,0,26,50,High,35000,9991183842,rajesh852@gmail.com
5451 6502 6238,Mahesh Reddy,56,"Srikakulam, Andhra Pradesh",poor,48173,daily_wage,0.0,kutcha,owned,3,0,0,0.6,0,1,1,22,72,High,75000,8135427849,mahesh407@outlook.com
7883 7381 1320,Anita Nair,58,"Darbhanga, Bihar",poor,75478,daily_wage,0.0,kutcha,rented,4,1,0,0.4,0,1,0,28,83,Critical,100000,6841241182,anita892@yahoo.com
4595 5471 8140,Santosh Thakur,53,"Srikakulam, Andhra Pradesh",poor,49569,farmer,0.9,kutcha,owned,6,0,0,0.4,0,0,0,22,71,High,75000,8493534874,santosh708@gmail.com
1444 2375 8022,Priya Mishra,30,"Darbhanga, Bihar",middle,355341,salaried_private,0.0,semi_pucca,owned,2,0,0,1.8,0,1,0,28,51,High,35000,6164005242,priya227@yahoo.com
2341 8705 1317,Govind Rao,56,"Srikakulam, Andhra Pradesh",poor,51453,daily_wage,0.0,kutcha,rented,4,1,0,0.8,0,0,0,22,82,Critical,100000,9868011280,govind165@gmail.com
3068 8758 2874,Lakshmi Reddy,58,"Darbhanga, Bihar",middle,350431,salaried_private,0.0,semi_pucca,owned,4,1,0,1.2,1,1,0,28,53,High,35000,8982620450,lakshmi482@gmail.com
1420 6111 7149,Saranya Devi,47,"Araria, Bihar",middle,247172,salaried_private,0.0,pucca,owned,1,0,1,4.0,0,1,0,26,25,Medium,20000,8331586923,saranya686@gmail.com
9728 8018 7071,Suresh Jha,26,"Araria, Bihar",poor,71106,daily_wage,0.0,semi_pucca,owned,1,1,0,0.3,0,0,0,26,71,High,75000,7260256342,suresh193@yahoo.com
3885 9548 5425,Lakshmi Yadav,61,"Alappuzha, Kerala",upper_middle,620231,small_business,0.0,semi_pucca,owned,3,0,1,11.6,0,0,0,20,34,Medium,10000,6607337543,lakshmi880@outlook.com
7209 6511 1470,Parvathi Menon,53,"Alappuzha, Kerala",poor,77908,farmer,0.3,kutcha,owned,1,1,0,0.9,0,1,0,20,59,High,75000,7036541458,parvathi590@yahoo.com
4954 7658 9004,Prakash Das,57,"Morigaon, Assam",poor,46931,daily_wage,0.0,kutcha,rented,2,1,0,0.7,0,1,1,25,80,Critical,100000,9850142940,prakash356@yahoo.com
9698 6632 7971,Radha Thakur,57,"Araria, Bihar",middle,366605,salaried_private,0.0,pucca,owned,4,0,0,1.5,0,0,0,26,55,High,35000,6965569816,radha94@gmail.com
4138 4545 8933,Siva Patel,39,"Morigaon, Assam",upper_middle,637893,small_business,0.0,pucca,owned,3,1,1,4.1,0,1,0,25,40,Medium,10000,7406088356,siva979@yahoo.com
5786 3068 9042,Anita Iyer,28,"Alappuzha, Kerala",poor,49414,daily_wage,0.0,kutcha,owned,4,1,0,0.0,0,0,1,20,80,Critical,100000,6595148465,anita743@yahoo.com
2213 1878 3485,Selvi Thakur,31,"Darbhanga, Bihar",middle,305492,salaried_private,0.0,semi_pucca,owned,3,0,1,1.3,0,0,0,28,46,Medium,20000,9482366299,selvi551@gmail.com
5871 8025 6003,Deepak Gupta,58,"Alappuzha, Kerala",middle,245061,salaried_private,0.0,semi_pucca,owned,3,1,0,4.0,0,1,0,20,48,Medium,20000,8680443699,deepak703@gmail.com
2229 3564 1043,Sunita Iyer,48,"Alappuzha, Kerala",lower_middle,93006,daily_wage,0.0,semi_pucca,owned,3,0,0,0.6,0,0,1,20,70,High,50000,8777387214,sunita803@yahoo.com
2880 9922 4683,Prakash Yadav,63,"Srikakulam, Andhra Pradesh",poor,48881,farmer,0.7,kutcha,rented,1,0,0,0.7,0,0,0,22,66,High,75000,8134332003,prakash99@gmail.com
7594 5460 9199,Parvathi Pillai,56,"Araria, Bihar",poor,40873,daily_wage,0.0,kutcha,rented,4,0,0,0.8,0,0,1,26,86,Critical,100000,9917693676,parvathi490@outlook.com
1659 3870 8708,Priya Rao,55,"Srikakulam, Andhra Pradesh",poor,58313,farmer,0.6,kutcha,owned,3,0,1,0.2,0,0,0,22,51,High,75000,7201632870,priya333@outlook.com
3634 6403 7744,Babu Devi,66,"Srikakulam, Andhra Pradesh",upper_middle,706881,small_business,0.0,semi_pucca,owned,2,0,0,11.7,0,0,0,22,46,Medium,10000,7172788957,babu422@yahoo.com
9889 8569 7770,Rajesh Kumar,25,"Srikakulam, Andhra Pradesh",lower_middle,179680,farmer,1.4,semi_pucca,owned,4,0,0,1.0,0,0,1,22,66,High,50000,9872774348,rajesh53@yahoo.com
1472 4920 3594,Nalini Devi,41,"Araria, Bihar",poor,70986,daily_wage,0.0,semi_pucca,owned,1,1,0,0.3,0,1,1,26,71,High,75000,9347143455,nalini285@outlook.com
9337 5479 7807,Nalini Pillai,52,"Alappuzha, Kerala",poor,44725,daily_wage,0.0,semi_pucca,owned,2,0,0,0.5,0,1,0,20,55,High,75000,6223623166,nalini581@yahoo.com
7798 6568 9318,Mohan Rao,39,"Srikakulam, Andhra Pradesh",upper_middle,689021,salaried_govt,0.0,pucca,owned,4,1,1,8.4,1,0,0,22,18,Low,0,8876036690,mohan17@gmail.com
8460 6272 4090,Siva Mishra,66,"Darbhanga, Bihar",lower_middle,156931,farmer,1.8,semi_pucca,rented,5,0,0,1.3,0,0,1,28,82,Critical,75000,9705466889,siva445@yahoo.com
1606 3068 9229,Lakshmi Thakur,59,"Araria, Bihar",middle,383304,salaried_private,0.0,semi_pucca,owned,2,0,0,3.4,0,0,0,26,49,Medium,20000,7734670656,lakshmi218@yahoo.com
6546 7512 2315,Arun Rao,43,"Morigaon, Assam",upper_middle,452277,salaried_private,0.0,pucca,owned,3,0,1,9.5,0,0,0,25,29,Medium,10000,7729806990,arun381@outlook.com
2480 8110 2612,Mahesh Reddy,62,"Alappuzha, Kerala",middle,344311,salaried_private,0.0,semi_pucca,owned,5,0,0,5.4,1,1,0,20,40,Medium,20000,6627204653,mahesh965@gmail.com
3868 2293 7267,Sunita Patel,61,"Darbhanga, Bihar",poor,31897,farmer,0.8,kutcha,owned,1,1,0,0.4,0,1,0,28,67,High,75000,9556464170,sunita557@outlook.com
2210 8237 6661,Siva Patel,59,"Araria, Bihar",poor,60221,farmer,0.5,semi_pucca,rented,3,1,0,0.9,0,0,1,26,80,Critical,100000,6531003309,siva92@gmail.com
5847 5837 1359,Krishnan Menon,64,"Morigaon, Assam",middle,245561,salaried_private,0.0,pucca,owned,5,0,1,6.0,0,1,0,25,29,Medium,20000,7327193745,krishnan483@outlook.com
6772 4588 4115,Mahesh Reddy,61,"Srikakulam, Andhra Pradesh",poor,74944,daily_wage,0.0,kutcha,owned,3,0,0,0.9,0,0,0,22,72,High,75000,7991241904,mahesh541@outlook.com
7807 3877 4289,Mahesh Mehta,30,"Morigaon, Assam",lower_middle,162242,farmer,1.1,semi_pucca,rented,2,0,0,1.7,0,0,1,25,69,High,50000,9631931491,mahesh931@gmail.com
8673 2233 3306,Jyothi Devi,36,"Alappuzha, Kerala",poor,47860,daily_wage,0.0,semi_pucca,owned,2,0,0,0.8,0,0,0,20,60,High,75000,6586518506,jyothi212@yahoo.com
2775 4830 8724,Murugan Jha,23,"Srikakulam, Andhra Pradesh",upper_middle,606870,small_business,0.0,semi_pucca,owned,2,1,1,7.1,0,0,0,22,36,Medium,10000,9165726284,murugan630@outlook.com
9071 2902 2592,Suresh Pillai,37,"Alappuzha, Kerala",lower_middle,88285,farmer,1.4,semi_pucca,rented,4,0,0,1.9,0,1,1,20,64,High,50000,9769453147,suresh483@yahoo.com
9017 7686 5583,Govind Devi,24,"Alappuzha, Kerala",poor,73940,daily_wage,0.0,kutcha,owned,6,0,0,0.5,0,0,0,20,75,Critical,100000,7799650752,govind62@yahoo.com
7523 5520 4109,Krishnan Sharma,29,"Morigaon, Assam",rich,2665189,business_owner,13.3,pucca,owned,2,0,1,18.3,0,0,0,25,20,Low,0,9354549480,krishnan376@outlook.com
4394 4538 4817,Geetha Das,43,"Srikakulam, Andhra Pradesh",lower_middle,163819,daily_wage,0.0,semi_pucca,rented,2,0,1,2.4,0,1,1,22,52,High,50000,7136783777,geetha142@outlook.com
6869 4898 6304,Arvind Kumar,23,"Araria, Bihar",poor,39482,daily_wage,0.0,kutcha,owned,0,0,0,0.8,0,1,0,26,61,High,75000,6143634957,arvind231@gmail.com
1710 9543 5941,Rajesh Reddy,51,"Araria, Bihar",lower_middle,135176,farmer,2.0,kutcha,rented,3,0,0,2.3,0,0,1,26,77,Critical,75000,8685574443,rajesh985@gmail.com
3067 5505 9984,Lakshmi Das,67,"Darbhanga, Bihar",poor,57936,daily_wage,0.0,kutcha,owned,2,1,0,0.9,0,1,1,28,78,Critical,100000,6351823374,lakshmi952@outlook.com
8398 4743 7779,Geetha Yadav,43,"Morigaon, Assam",upper_middle,678164,salaried_govt,0.0,pucca,owned,2,1,1,6.9,1,0,0,25,16,Low,0,8134352408,geetha742@yahoo.com
8075 2582 7105,Kavitha Das,30,"Srikakulam, Andhra Pradesh",poor,50483,farmer,0.7,kutcha,owned,3,1,0,0.2,0,0,1,22,76,Critical,100000,7400842710,kavitha174@gmail.com
6119 6761 2697,Anita Pillai,58,"Alappuzha, Kerala",rich,2182635,salaried_govt,0.0,pucca,owned,2,0,1,21.7,1,0,0,20,6,Low,0,8777520471,anita775@gmail.com
1430 5381 1474,Usha Iyer,33,"Alappuzha, Kerala",lower_middle,109392,farmer,1.2,kutcha,owned,4,0,0,0.3,0,1,1,20,64,High,50000,6671902294,usha820@gmail.com
9691 4524 7163,Priya Das,48,"Morigaon, Assam",poor,41888,daily_wage,0.0,kutcha,owned,4,0,0,0.4,0,1,0,25,70,High,75000,6318699938,priya462@outlook.com
5458 8259 7947,Anita Das,53,"Srikakulam, Andhra Pradesh",poor,77290,daily_wage,0.0,kutcha,owned,4,1,0,0.6,0,0,1,22,82,Critical,100000,9774964990,anita619@yahoo.com
1744 4612 7475,Kamala Pillai,60,"Alappuzha, Kerala",lower_middle,178951,small_business,0.0,semi_pucca,rented,3,0,0,0.3,0,0,0,20,64,High,50000,6334123281,kamala957@gmail.com
3116 7229 9725,Usha Patel,67,"Darbhanga, Bihar",poor,43843,daily_wage,0.0,kutcha,rented,5,0,0,0.3,0,1,0,28,83,Critical,100000,7067974034,usha191@outlook.com
5743 2887 7636,Selvi Yadav,23,"Araria, Bihar",poor,78630,daily_wage,0.0,kutcha,owned,2,1,1,0.9,0,0,0,26,61,High,75000,8713493618,selvi976@gmail.com
7484 6083 6562,Kamala Das,36,"Morigaon, Assam",poor,75194,daily_wage,0.0,semi_pucca,owned,3,0,0,0.8,0,1,0,25,65,High,75000,7242102499,kamala525@yahoo.com
2684 3399 5193,Lakshmi Reddy,34,"Morigaon, Assam",lower_middle,94945,farmer,0.9,kutcha,owned,0,0,0,1.1,0,0,0,25,59,High,50000,8717464887,lakshmi686@gmail.com
3473 8205 2118,Babu Mehta,52,"Araria, Bihar",lower_middle,162306,farmer,2.0,semi_pucca,rented,2,0,0,1.3,0,0,0,26,62,High,50000,9190659401,babu190@outlook.com
9307 7299 8581,Kavitha Chaudhary,59,"Srikakulam, Andhra Pradesh",lower_middle,126129,farmer,1.1,semi_pucca,owned,2,0,0,0.2,0,0,1,22,61,High,50000,7990490278,kavitha47@gmail.com
9266 3827 1641,Jyothi Das,37,"Alappuzha, Kerala",middle,392288,farmer,1.8,semi_pucca,owned,3,0,0,3.5,0,0,0,20,54,High,35000,9429671756,jyothi122@gmail.com
2079 6401 2548,Anita Mehta,57,"Srikakulam, Andhra Pradesh",upper_middle,674070,salaried_govt,0.0,pucca,owned,1,0,1,11.3,1,0,0,22,8,Low,0,8512567468,anita33@gmail.com
7421 3112 2388,Krishnan Pillai,41,"Srikakulam, Andhra Pradesh",poor,73028,daily_wage,0.0,kutcha,owned,1,0,0,0.2,0,1,0,22,62,High,75000,6715451680,krishnan185@gmail.com
7937 9331 6928,Kamala Das,23,"Alappuzha, Kerala",upper_middle,572216,salaried_govt,0.0,pucca,owned,5,0,0,10.5,1,0,0,20,31,Medium,10000,9603859770,kamala495@outlook.com
9843 9626 1618,Rajan Verma,64,"Morigaon, Assam",poor,52395,daily_wage,0.0,kutcha,owned,4,0,0,0.2,0,1,1,25,75,Critical,100000,7482477109,rajan710@yahoo.com
7731 6968 4891,Deepak Sharma,50,"Morigaon, Assam",middle,278754,small_business,0.0,pucca,owned,3,1,1,4.5,0,0,0,25,45,Medium,20000,7248086131,deepak849@gmail.com
5616 7256 9239,Deepak Gupta,55,"Alappuzha, Kerala",lower_middle,110671,farmer,1.1,semi_pucca,owned,2,0,0,1.4,0,0,1,20,59,High,50000,9127484677,deepak439@yahoo.com
5670 2374 3626,Kamala Devi,39,"Srikakulam, Andhra Pradesh",poor,39070,daily_wage,0.0,kutcha,owned,5,0,0,0.5,0,0,0,22,77,Critical,100000,7782639821,kamala93@gmail.com
9224 7126 4862,Anita Mishra,46,"Srikakulam, Andhra Pradesh",upper_middle,448084,salaried_govt,0.0,pucca,owned,4,0,1,7.1,1,1,1,22,13,Low,0,8658404499,anita969@outlook.com
8685 8349 1086,Arun Singh,27,"Darbhanga, Bihar",poor,36493,daily_wage,0.0,kutcha,rented,2,0,0,0.8,0,1,1,28,78,Critical,100000,9278755886,arun445@yahoo.com
4906 7878 8489,Meena Sharma,26,"Darbhanga, Bihar",middle,398880,salaried_private,0.0,semi_pucca,owned,5,1,0,4.0,0,0,0,28,66,High,35000,9533963605,meena657@gmail.com
7825 4068 2402,Krishnan Reddy,55,"Darbhanga, Bihar",upper_middle,681046,salaried_govt,0.0,pucca,owned,4,1,1,5.2,1,1,0,28,24,Low,0,9662702895,krishnan98@gmail.com
6850 2106 6649,Dinesh Kumar,37,"Morigaon, Assam",lower_middle,146535,daily_wage,0.0,semi_pucca,owned,1,0,0,1.4,0,0,0,25,65,High,50000,6718702621,dinesh156@outlook.com
3209 2033 8498,Arun Patel,24,"Darbhanga, Bihar",poor,65783,daily_wage,0.0,kutcha,rented,5,1,0,0.8,0,0,0,28,93,Critical,100000,9459615865,arun327@gmail.com
6848 1783 6438,Prakash Pillai,39,"Morigaon, Assam",lower_middle,85492,farmer,1.1,kutcha,owned,0,1,0,2.4,0,0,1,25,69,High,50000,9809134316,prakash642@outlook.com
5369 2353 7955,Radha Verma,27,"Darbhanga, Bihar",poor,78713,daily_wage,0.0,kutcha,owned,4,1,0,0.3,0,1,0,28,78,Critical,100000,6172400504,radha15@yahoo.com
8325 1693 6776,Deepak Jha,61,"Srikakulam, Andhra Pradesh",poor,36723,daily_wage,0.0,semi_pucca,rented,2,1,0,0.3,0,0,1,22,77,Critical,100000,8562386922,deepak400@yahoo.com
8179 1570 3068,Lakshmi Chaudhary,26,"Srikakulam, Andhra Pradesh",lower_middle,87518,farmer,1.8,semi_pucca,owned,4,1,0,2.4,0,0,0,22,66,High,50000,7196937923,lakshmi347@gmail.com
7012 7521 6150,Arvind Verma,63,"Araria, Bihar",lower_middle,154349,farmer,0.8,semi_pucca,owned,2,1,0,1.1,0,0,1,26,70,High,50000,9474074821,arvind149@gmail.com
4515 5678 9047,Dinesh Gupta,34,"Morigaon, Assam",middle,186793,small_business,0.0,semi_pucca,owned,2,0,0,2.9,0,0,0,25,59,High,35000,9594647436,dinesh545@outlook.com
9882 5757 5914,Krishnan Das,32,"Darbhanga, Bihar",poor,76751,daily_wage,0.0,kutcha,owned,4,1,0,0.7,0,0,1,28,88,Critical,100000,9136959440,krishnan425@gmail.com
2412 2077 6067,Arvind Chaudhary,47,"Araria, Bihar",lower_middle,106342,farmer,1.0,semi_pucca,rented,5,0,0,1.1,0,0,0,26,75,Critical,75000,9409097439,arvind215@yahoo.com
3981 3114 8088,Arvind Iyer,54,"Srikakulam, Andhra Pradesh",lower_middle,89666,small_business,0.0,semi_pucca,owned,3,1,0,0.2,0,0,0,22,66,High,50000,8339421047,arvind931@yahoo.com
5105 4216 5496,Mahesh Das,30,"Darbhanga, Bihar",poor,40790,daily_wage,0.0,semi_pucca,rented,3,1,0,0.2,0,0,0,28,83,Critical,100000,6952145623,mahesh816@gmail.com
2330 1744 5336,Suresh Kumar,63,"Morigaon, Assam",poor,68784,daily_wage,0.0,semi_pucca,owned,2,0,0,0.7,0,0,0,25,65,High,75000,7858842474,suresh66@yahoo.com
8430 2195 1981,Selvi Pillai,32,"Araria, Bihar",rich,927028,salaried_govt,0.0,pucca,owned,3,0,1,11.2,1,0,0,26,17,Low,0,8171236851,selvi665@outlook.com
3142 7070 9437,Krishnan Mishra,57,"Srikakulam, Andhra Pradesh",upper_middle,643501,salaried_govt,0.0,pucca,owned,4,1,0,5.8,1,0,0,22,38,Medium,10000,9048175496,krishnan226@gmail.com
3616 6364 6123,Govind Reddy,34,"Darbhanga, Bihar",middle,302282,salaried_private,0.0,semi_pucca,owned,3,1,0,1.7,1,0,0,28,58,High,35000,8137098593,govind463@yahoo.com
1828 5609 9108,Krishnan Sharma,60,"Araria, Bihar",lower_middle,120441,small_business,0.0,semi_pucca,owned,3,0,1,1.2,0,0,1,26,55,High,50000,6746120047,krishnan273@outlook.com
4189 6939 5728,Selvi Sharma,26,"Srikakulam, Andhra Pradesh",poor,37044,daily_wage,0.0,semi_pucca,rented,4,1,0,0.7,0,0,1,22,82,Critical,100000,6138267586,selvi568@gmail.com
4261 9341 7576,Radha Singh,54,"Srikakulam, Andhra Pradesh",poor,70844,farmer,0.1,semi_pucca,rented,0,1,0,0.4,0,0,1,22,66,High,75000,7617964053,radha423@gmail.com
7438 5902 6511,Babu Patel,54,"Darbhanga, Bihar",lower_middle,123652,daily_wage,0.0,kutcha,rented,2,0,0,0.4,0,0,1,28,83,Critical,75000,9735158506,babu854@outlook.com
8775 5350 4728,Saranya Kumar,68,"Alappuzha, Kerala",upper_middle,695134,salaried_govt,0.0,pucca,owned,6,1,0,6.3,1,0,0,20,36,Medium,10000,8317139005,saranya792@outlook.com
2800 4125 1310,Suresh Menon,50,"Darbhanga, Bihar",upper_middle,674848,salaried_govt,0.0,semi_pucca,owned,3,0,0,10.6,1,1,0,28,33,Medium,10000,7293183933,suresh139@yahoo.com
4397 6325 8837,Arvind Verma,55,"Morigaon, Assam",poor,43362,farmer,0.8,kutcha,owned,5,1,0,0.9,0,0,1,25,84,Critical,100000,8290422842,arvind372@gmail.com
5038 5571 5890,Arun Nair,36,"Srikakulam, Andhra Pradesh",lower_middle,149878,farmer,1.2,kutcha,owned,6,1,0,2.2,0,0,0,22,76,Critical,75000,6020539502,arun973@outlook.com
9899 7220 7464,Mahesh Devi,44,"Morigaon, Assam",rich,1669386,business_owner,8.9,pucca,owned,5,0,1,16.1,0,0,0,25,30,Medium,0,8026811775,mahesh721@gmail.com
5450 3249 2789,Siva Rao,61,"Araria, Bihar",poor,76801,daily_wage,0.0,kutcha,rented,3,1,0,0.7,0,0,1,26,91,Critical,100000,6783908470,siva497@yahoo.com
3252 1084 3587,Arun Devi,48,"Alappuzha, Kerala",middle,193307,small_business,0.0,semi_pucca,owned,2,0,0,4.2,0,1,0,20,44,Medium,20000,6766177115,arun954@outlook.com
7846 3880 1595,Suresh Patel,47,"Srikakulam, Andhra Pradesh",poor,48824,farmer,0.6,semi_pucca,rented,3,1,0,0.1,0,0,0,22,71,High,75000,7124998569,suresh67@gmail.com
9901 9590 9092,Mahesh Gupta,30,"Srikakulam, Andhra Pradesh",upper_middle,551764,salaried_govt,0.0,pucca,owned,4,0,1,8.1,1,1,0,22,8,Low,0,8789611836,mahesh144@gmail.com
4164 3875 7643,Jyothi Pillai,49,"Alappuzha, Kerala",lower_middle,94764,small_business,0.0,semi_pucca,rented,1,1,0,1.9,0,0,1,20,69,High,50000,9365766156,jyothi766@gmail.com
5947 1187 5285,Pushpa Mehta,63,"Alappuzha, Kerala",lower_middle,92502,farmer,0.8,kutcha,owned,6,1,0,0.7,0,1,1,20,74,High,50000,8452711116,pushpa894@yahoo.com
5833 7021 4618,Saranya Devi,36,"Morigaon, Assam",poor,60500,daily_wage,0.0,kutcha,owned,3,1,0,0.5,0,0,0,25,80,Critical,100000,6528098851,saranya745@outlook.com
5054 2341 9609,Siva Nair,50,"Araria, Bihar",upper_middle,638539,salaried_govt,0.0,semi_pucca,owned,4,0,0,6.7,1,0,0,26,36,Medium,10000,9560494519,siva624@gmail.com
2904 4365 9008,Kamala Gupta,27,"Alappuzha, Kerala",middle,327893,salaried_private,0.0,semi_pucca,owned,4,1,0,5.5,0,0,0,20,53,High,35000,7273158514,kamala807@gmail.com
4570 2196 1742,Dinesh Kumar,49,"Alappuzha, Kerala",poor,63636,farmer,0.6,kutcha,owned,2,1,0,0.7,0,1,1,20,64,High,75000,7689980940,dinesh775@outlook.com
7266 8348 7184,Govind Jha,46,"Morigaon, Assam",middle,195795,farmer,1.3,pucca,owned,4,0,0,1.2,0,0,0,25,60,High,35000,7445502296,govind164@yahoo.com
5888 8585 9920,Ramesh Kumar,49,"Darbhanga, Bihar",upper_middle,582331,salaried_govt,0.0,pucca,owned,5,1,0,6.5,1,1,0,28,39,Medium,10000,6201836675,ramesh632@gmail.com
1256 4943 4376,Govind Chaudhary,26,"Alappuzha, Kerala",lower_middle,125371,small_business,0.0,kutcha,rented,3,1,0,2.6,0,0,1,20,79,Critical,75000,7545991022,govind973@outlook.com
9255 5739 4836,Anita Singh,68,"Darbhanga, Bihar",middle,336705,farmer,4.5,semi_pucca,owned,4,0,1,1.2,0,0,0,28,49,Medium,20000,6147679764,anita428@outlook.com
5508 1998 3869,Govind Pillai,62,"Alappuzha, Kerala",middle,336740,salaried_private,0.0,pucca,owned,4,0,0,2.2,0,0,0,20,49,Medium,20000,7815614978,govind137@outlook.com
7167 4012 9813,Lakshmi Pillai,52,"Srikakulam, Andhra Pradesh",upper_middle,580572,salaried_govt,0.0,semi_pucca,owned,2,0,0,10.1,1,1,0,22,22,Low,0,8036900343,lakshmi108@outlook.com
4978 5177 4331,Arvind Mishra,43,"Araria, Bihar",poor,39460,daily_wage,0.0,kutcha,owned,1,0,0,0.6,0,0,0,26,71,High,75000,7445107622,arvind131@outlook.com
4555 8854 4422,Mohan Nair,43,"Darbhanga, Bihar",lower_middle,174972,small_business,0.0,semi_pucca,rented,0,0,1,1.1,0,0,1,28,52,High,50000,9838851606,mohan157@gmail.com
4921 6269 5637,Geetha Mishra,46,"Morigaon, Assam",lower_middle,177186,daily_wage,0.0,kutcha,owned,3,1,0,1.4,0,1,0,25,75,Critical,75000,6715969664,geetha313@gmail.com
7073 6126 7781,Babu Nair,24,"Srikakulam, Andhra Pradesh",poor,63607,daily_wage,0.0,kutcha,rented,3,0,0,0.8,0,0,0,22,77,Critical,100000,6605297516,babu188@gmail.com
5026 9180 6530,Santosh Mishra,38,"Alappuzha, Kerala",poor,47090,daily_wage,0.0,semi_pucca,rented,0,1,0,0.7,0,1,1,20,65,High,75000,6369681645,santosh191@outlook.com
1554 2217 1794,Anita Verma,22,"Srikakulam, Andhra Pradesh",middle,224101,salaried_private,0.0,semi_pucca,owned,3,0,0,1.7,0,1,0,22,50,High,35000,7521818835,anita429@gmail.com
1257 1108 9719,Arun Thakur,57,"Srikakulam, Andhra Pradesh",poor,76345,daily_wage,0.0,semi_pucca,rented,3,1,0,0.5,0,1,0,22,72,High,75000,8231243292,arun159@outlook.com
2578 9591 3439,Sunita Devi,37,"Srikakulam, Andhra Pradesh",middle,318783,farmer,3.1,semi_pucca,owned,2,0,1,3.5,0,0,0,22,33,Medium,20000,6277997995,sunita956@outlook.com
2531 7640 7213,Kavitha Sharma,46,"Araria, Bihar",lower_middle,132022,farmer,2.4,semi_pucca,rented,1,1,0,0.7,0,0,1,26,72,High,50000,8271774490,kavitha222@yahoo.com
1697 4764 4463,Rajan Verma,66,"Alappuzha, Kerala",poor,76061,farmer,0.5,kutcha,owned,3,1,0,0.8,0,0,0,20,69,High,75000,8814770054,rajan911@yahoo.com
4394 3362 7525,Babu Kumar,26,"Alappuzha, Kerala",lower_middle,89744,small_business,0.0,semi_pucca,rented,4,0,0,1.6,0,0,1,20,69,High,50000,6199867980,babu584@outlook.com
9204 6666 1879,Arvind Das,28,"Morigaon, Assam",middle,243038,small_business,0.0,pucca,owned,6,0,0,4.4,0,0,0,25,60,High,35000,9935978207,arvind336@outlook.com
6829 7150 8075,Nalini Reddy,33,"Srikakulam, Andhra Pradesh",lower_middle,160460,farmer,1.3,kutcha,rented,2,0,0,0.1,0,1,0,22,61,High,50000,6518203778,nalini799@gmail.com
6188 6909 2745,Lakshmi Mishra,27,"Alappuzha, Kerala",middle,382419,salaried_private,0.0,semi_pucca,owned,2,0,0,4.6,1,1,0,20,30,Medium,20000,7554665905,lakshmi521@gmail.com
2524 6315 7311,Kavitha Jha,22,"Darbhanga, Bihar",lower_middle,115358,farmer,0.7,semi_pucca,owned,1,1,0,1.7,0,0,1,28,72,High,50000,6518644925,kavitha827@yahoo.com
5933 5397 9079,Arvind Rao,31,"Morigaon, Assam",poor,77503,farmer,0.9,kutcha,owned,6,0,0,0.6,0,1,1,25,74,High,75000,6925462914,arvind249@yahoo.com
4203 8501 2752,Nalini Chaudhary,30,"Darbhanga, Bihar",middle,252341,small_business,0.0,semi_pucca,owned,4,0,0,1.4,0,1,0,28,62,High,35000,9528168505,nalini876@outlook.com
6253 4290 8848,Arvind Pillai,42,"Morigaon, Assam",lower_middle,161289,daily_wage,0.0,semi_pucca,rented,2,1,0,1.3,0,0,0,25,75,Critical,75000,8235733221,arvind273@yahoo.com
4273 9939 3947,Radha Devi,65,"Araria, Bihar",poor,75544,farmer,1.0,kutcha,rented,2,1,0,0.3,0,1,0,26,70,High,75000,8188805929,radha130@yahoo.com
3280 5961 4965,Govind Thakur,38,"Alappuzha, Kerala",lower_middle,172847,daily_wage,0.0,semi_pucca,owned,4,1,0,2.5,0,1,0,20,65,High,50000,9222927065,govind888@gmail.com
6890 9796 2392,Siva Sharma,28,"Araria, Bihar",lower_middle,158372,small_business,0.0,semi_pucca,rented,2,0,0,1.5,0,0,0,26,65,High,50000,7794738347,siva852@gmail.com
2735 1172 2615,Jyothi Yadav,38,"Araria, Bihar",upper_middle,739214,small_business,0.0,semi_pucca,owned,4,0,1,8.8,0,0,0,26,40,Medium,10000,7597746886,jyothi380@outlook.com
2901 3321 6707,Govind Das,41,"Araria, Bihar",lower_middle,140694,farmer,1.7,semi_pucca,owned,3,0,0,1.0,0,1,1,26,65,High,50000,7392407581,govind200@gmail.com
6620 2791 3692,Meena Kumar,37,"Morigaon, Assam",lower_middle,125652,small_business,0.0,kutcha,owned,2,0,0,2.1,0,1,1,25,64,High,50000,6412478261,meena704@gmail.com
1478 4232 8365,Usha Mishra,59,"Alappuzha, Kerala",poor,66690,daily_wage,0.0,semi_pucca,rented,4,1,0,0.8,0,0,1,20,80,Critical,100000,7750606853,usha84@yahoo.com
4228 8496 2867,Radha Mehta,38,"Srikakulam, Andhra Pradesh",poor,43486,farmer,0.7,kutcha,owned,1,1,0,0.6,0,0,0,22,66,High,75000,9153051522,radha523@gmail.com
2388 3194 6131,Saranya Chaudhary,29,"Srikakulam, Andhra Pradesh",poor,55725,daily_wage,0.0,semi_pucca,owned,0,1,0,0.8,0,0,0,22,62,High,75000,6472779010,saranya304@yahoo.com
3838 3733 9022,Nalini Iyer,40,"Araria, Bihar",middle,227984,salaried_private,0.0,semi_pucca,owned,4,1,1,2.9,0,0,0,26,49,Medium,20000,8328986143,nalini21@gmail.com
7703 9056 7809,Rajesh Thakur,67,"Araria, Bihar",lower_middle,161187,farmer,1.2,semi_pucca,owned,1,1,1,0.4,0,0,0,26,50,High,50000,8103697117,rajesh609@gmail.com
9115 9369 2854,Parvathi Menon,58,"Srikakulam, Andhra Pradesh",lower_middle,84044,small_business,0.0,kutcha,rented,3,0,0,0.1,0,1,1,22,71,High,50000,6893246095,parvathi862@outlook.com
5055 5877 1528,Usha Devi,50,"Darbhanga, Bihar",poor,54042,daily_wage,0.0,semi_pucca,owned,3,1,0,0.8,0,0,1,28,83,Critical,100000,7962185188,usha58@yahoo.com
3281 4385 4390,Usha Patel,25,"Morigaon, Assam",poor,37693,daily_wage,0.0,kutcha,owned,3,0,0,0.8,0,0,1,25,80,Critical,100000,6670654051,usha355@gmail.com
7743 1971 5543,Rajan Singh,63,"Alappuzha, Kerala",lower_middle,150617,farmer,2.5,semi_pucca,rented,0,1,0,1.7,0,0,0,20,56,High,50000,8319520585,rajan231@yahoo.com
7146 8405 2237,Pushpa Yadav,62,"Araria, Bihar",poor,51108,daily_wage,0.0,kutcha,rented,3,0,0,0.7,0,0,0,26,81,Critical,100000,7772217043,pushpa396@outlook.com
6869 2037 9756,Kavitha Gupta,47,"Darbhanga, Bihar",lower_middle,171056,small_business,0.0,semi_pucca,owned,5,0,0,2.9,0,1,1,28,72,High,50000,6305486874,kavitha418@yahoo.com
1752 2631 8529,Jyothi Sharma,23,"Araria, Bihar",lower_middle,122318,small_business,0.0,kutcha,owned,2,0,0,1.7,0,0,0,26,65,High,50000,6345054156,jyothi354@gmail.com
6905 5102 2350,Pushpa Das,45,"Darbhanga, Bihar",poor,58036,daily_wage,0.0,kutcha,owned,4,1,0,0.1,0,0,1,28,88,Critical,100000,9765277584,pushpa852@outlook.com
3174 4705 9510,Arun Das,65,"Araria, Bihar",poor,77578,daily_wage,0.0,kutcha,owned,3,1,0,0.7,0,0,1,26,86,Critical,100000,6616928451,arun841@outlook.com
2690 6133 7022,Kavitha Devi,41,"Srikakulam, Andhra Pradesh",upper_middle,764693,salaried_private,0.0,semi_pucca,owned,3,1,1,10.7,0,0,0,22,35,Medium,10000,6544796275,kavitha418@yahoo.com
8248 4559 2420,Lakshmi Yadav,28,"Araria, Bihar",poor,74376,farmer,0.5,kutcha,owned,4,1,1,0.7,0,0,0,26,60,High,75000,9059640165,lakshmi405@gmail.com
5942 4366 9482,Mahesh Kumar,60,"Araria, Bihar",lower_middle,126076,daily_wage,0.0,semi_pucca,owned,3,0,0,0.4,0,1,1,26,71,High,50000,7029702135,mahesh434@outlook.com
9185 2163 9655,Meena Reddy,22,"Alappuzha, Kerala",upper_middle,605390,salaried_govt,0.0,pucca,owned,3,1,1,11.1,1,0,0,20,16,Low,0,8690927557,meena843@yahoo.com
2106 1225 5295,Mohan Kumar,35,"Morigaon, Assam",rich,2422517,business_owner,9.8,pucca,owned,5,0,1,18.3,0,0,0,25,30,Medium,0,6928565431,mohan389@gmail.com
3501 5546 2369,Siva Chaudhary,41,"Darbhanga, Bihar",poor,71194,daily_wage,0.0,kutcha,owned,1,0,0,0.4,0,0,0,28,73,High,75000,6278681447,siva557@gmail.com
1948 5005 2412,Usha Reddy,49,"Darbhanga, Bihar",poor,55606,daily_wage,0.0,kutcha,owned,0,1,0,0.6,0,0,1,28,78,Critical,100000,7947312172,usha104@yahoo.com
9568 9474 5247,Nalini Jha,32,"Darbhanga, Bihar",poor,50269,farmer,0.7,semi_pucca,owned,4,1,0,0.0,0,1,1,28,72,High,75000,9155188442,nalini195@yahoo.com
5308 2262 9128,Kamala Das,51,"Morigaon, Assam",poor,47613,daily_wage,0.0,semi_pucca,owned,2,0,0,0.9,0,1,1,25,65,High,75000,7583132370,kamala910@gmail.com
9336 1042 1721,Meena Reddy,22,"Alappuzha, Kerala",middle,310969,salaried_private,0.0,semi_pucca,owned,0,0,1,1.8,0,0,0,20,28,Medium,20000,8895782911,meena48@outlook.com
6272 5067 7819,Govind Reddy,68,"Araria, Bihar",middle,275414,farmer,1.6,semi_pucca,owned,2,1,0,5.3,0,0,0,26,60,High,35000,8678669125,govind955@yahoo.com
8620 5625 6090,Selvi Das,42,"Morigaon, Assam",poor,37825,daily_wage,0.0,kutcha,owned,4,1,0,0.2,0,0,0,25,80,Critical,100000,6778528922,selvi391@outlook.com
9954 5016 3466,Nalini Nair,22,"Darbhanga, Bihar",lower_middle,118219,small_business,0.0,kutcha,owned,5,0,0,1.9,0,0,0,28,77,Critical,75000,9801824225,nalini748@yahoo.com
4361 9680 4902,Saranya Devi,48,"Srikakulam, Andhra Pradesh",middle,321962,farmer,4.4,semi_pucca,owned,4,1,0,5.8,0,1,0,22,53,High,35000,7584143842,saranya887@gmail.com
2565 9280 3187,Parvathi Das,62,"Srikakulam, Andhra Pradesh",poor,36096,daily_wage,0.0,kutcha,owned,2,1,0,0.8,0,0,0,22,72,High,75000,8981829922,parvathi418@yahoo.com
6211 8417 5455,Selvi Mehta,36,"Srikakulam, Andhra Pradesh",middle,328850,farmer,3.6,pucca,owned,4,1,1,2.5,0,0,0,22,44,Medium,20000,8900109439,selvi799@gmail.com
6051 8591 5341,Geetha Gupta,29,"Darbhanga, Bihar",rich,1257065,business_owner,5.0,pucca,owned,3,1,1,13.3,0,0,0,28,33,Medium,0,9907844736,geetha464@gmail.com
7492 9412 1802,Rekha Jha,65,"Darbhanga, Bihar",poor,76183,daily_wage,0.0,semi_pucca,rented,4,1,0,0.8,0,1,1,28,83,Critical,100000,8710276773,rekha245@yahoo.com
1195 2010 4641,Arvind Devi,30,"Morigaon, Assam",poor,56502,daily_wage,0.0,kutcha,rented,5,0,0,0.6,0,1,1,25,85,Critical,100000,8925556258,arvind328@gmail.com
8265 3110 2506,Mohan Nair,43,"Araria, Bihar",middle,359905,salaried_private,0.0,semi_pucca,owned,3,0,0,3.9,0,0,1,26,59,High,35000,6537147321,mohan884@gmail.com
4517 4066 5505,Sunita Jha,39,"Darbhanga, Bihar",middle,193274,farmer,3.3,semi_pucca,owned,4,1,0,3.0,0,1,0,28,59,High,35000,6469632595,sunita680@outlook.com
3248 7868 4267,Pushpa Mishra,63,"Srikakulam, Andhra Pradesh",poor,70434,daily_wage,0.0,kutcha,owned,5,1,0,0.4,0,0,1,22,87,Critical,100000,7278774701,pushpa241@gmail.com
7363 5430 3946,Rajesh Mehta,23,"Alappuzha, Kerala",lower_middle,151258,farmer,2.5,semi_pucca,owned,4,0,0,1.1,0,0,0,20,56,High,50000,9873395004,rajesh679@yahoo.com
5060 4951 5366,Vijay Devi,56,"Morigaon, Assam",poor,48411,daily_wage,0.0,kutcha,owned,5,1,0,0.5,0,0,0,25,85,Critical,100000,9974801624,vijay747@gmail.com
1462 6761 3328,Krishnan Menon,58,"Darbhanga, Bihar",poor,55455,daily_wage,0.0,semi_pucca,owned,0,1,0,0.8,0,1,0,28,63,High,75000,8650609835,krishnan328@yahoo.com
6435 4300 3137,Arun Kumar,43,"Araria, Bihar",upper_middle,562032,salaried_govt,0.0,pucca,owned,1,1,1,3.5,1,0,1,26,27,Medium,10000,8168784991,arun118@yahoo.com
7481 2655 6514,Mohan Jha,41,"Araria, Bihar",poor,68444,daily_wage,0.0,kutcha,rented,6,0,0,0.1,0,0,1,26,91,Critical,100000,7165585239,mohan905@yahoo.com
3872 7199 6026,Krishnan Reddy,68,"Morigaon, Assam",upper_middle,783963,salaried_govt,0.0,semi_pucca,owned,3,0,0,11.6,1,0,0,25,35,Medium,10000,9800025787,krishnan714@gmail.com
2705 9129 3304,Santosh Menon,43,"Morigaon, Assam",lower_middle,172013,farmer,1.3,kutcha,owned,3,0,0,2.9,0,1,0,25,64,High,50000,7982595269,santosh748@outlook.com
1186 5345 4435,Jyothi Gupta,37,"Darbhanga, Bihar",poor,41002,daily_wage,0.0,kutcha,owned,2,1,0,0.8,0,0,0,28,78,Critical,100000,8958887947,jyothi331@gmail.com
9946 7149 2661,Murugan Jha,52,"Darbhanga, Bihar",lower_middle,174426,farmer,1.3,semi_pucca,owned,4,1,0,2.9,0,0,0,28,72,High,50000,6551694097,murugan233@gmail.com
3787 7151 3636,Mohan Mehta,68,"Alappuzha, Kerala",middle,298302,small_business,0.0,semi_pucca,owned,4,1,0,2.5,0,1,0,20,59,High,35000,8993097289,mohan792@gmail.com
1877 2659 6424,Usha Patel,35,"Darbhanga, Bihar",poor,70215,daily_wage,0.0,kutcha,owned,3,0,0,0.4,0,0,0,28,78,Critical,100000,9230913075,usha838@gmail.com
1893 6911 1062,Nalini Singh,49,"Araria, Bihar",poor,77839,farmer,0.7,semi_pucca,owned,3,1,0,0.1,0,0,0,26,70,High,75000,9263689702,nalini738@gmail.com
8715 9013 5341,Saranya Mishra,27,"Darbhanga, Bihar",lower_middle,142957,farmer,0.6,semi_pucca,owned,5,1,0,0.9,0,1,0,28,72,High,50000,7857865278,saranya700@gmail.com
2584 2404 6632,Anita Singh,56,"Alappuzha, Kerala",poor,54998,farmer,0.4,kutcha,owned,1,1,0,0.5,0,1,1,20,64,High,75000,8854973348,anita738@gmail.com
5896 2293 7468,Rekha Thakur,67,"Srikakulam, Andhra Pradesh",poor,55369,daily_wage,0.0,semi_pucca,rented,4,0,0,0.5,0,0,0,22,72,High,75000,8344375758,rekha265@yahoo.com
3422 5225 6238,Usha Nair,68,"Darbhanga, Bihar",lower_middle,138856,farmer,2.5,kutcha,owned,1,1,0,2.4,0,1,1,28,69,High,50000,8419866524,usha402@outlook.com
2843 7790 3451,Kamala Yadav,31,"Darbhanga, Bihar",poor,66179,daily_wage,0.0,kutcha,owned,4,1,0,0.5,0,0,0,28,83,Critical,100000,6415747338,kamala313@yahoo.com
8750 1613 3821,Nalini Menon,39,"Alappuzha, Kerala",poor,36618,daily_wage,0.0,kutcha,owned,4,0,0,0.9,0,0,1,20,75,Critical,100000,8842199330,nalini458@gmail.com
5400 7102 1331,Anita Thakur,43,"Srikakulam, Andhra Pradesh",middle,339555,small_business,0.0,pucca,owned,1,0,0,3.0,0,0,0,22,47,Medium,20000,7301657120,anita779@outlook.com
7828 2462 4079,Babu Rao,50,"Morigaon, Assam",poor,75625,daily_wage,0.0,kutcha,owned,6,1,0,0.2,0,1,0,25,80,Critical,100000,7677345401,babu992@gmail.com
1474 3846 4158,Arvind Verma,34,"Araria, Bihar",poor,63849,farmer,0.8,semi_pucca,owned,3,0,0,0.2,0,1,0,26,60,High,75000,7802620672,arvind92@yahoo.com
1500 4963 7102,Selvi Devi,53,"Darbhanga, Bihar",middle,299655,small_business,0.0,semi_pucca,owned,5,1,0,2.0,0,0,0,28,77,Critical,50000,8004991547,selvi913@gmail.com
1449 7333 1813,Kavitha Pillai,32,"Alappuzha, Kerala",rich,2790542,salaried_govt,0.0,pucca,owned,4,0,1,8.9,1,0,0,20,11,Low,0,9287431527,kavitha458@outlook.com
3167 3837 1138,Ramesh Thakur,36,"Alappuzha, Kerala",poor,74413,daily_wage,0.0,kutcha,owned,1,1,0,0.5,0,0,0,20,70,High,75000,8205493296,ramesh441@yahoo.com
7506 2676 1120,Kamala Chaudhary,54,"Morigaon, Assam",middle,365956,salaried_private,0.0,pucca,owned,3,0,0,2.9,0,1,0,25,49,Medium,20000,9851612275,kamala996@gmail.com
3456 9475 4937,Saranya Nair,25,"Morigaon, Assam",lower_middle,143142,farmer,2.5,semi_pucca,owned,5,1,0,2.6,0,1,0,25,66,High,50000,7046374549,saranya939@outlook.com
4111 6622 4643,Suresh Menon,65,"Alappuzha, Kerala",poor,39170,farmer,0.7,semi_pucca,rented,3,0,0,0.3,0,0,1,20,69,High,75000,6453017426,suresh272@outlook.com
3999 6499 2463,Dinesh Iyer,36,"Alappuzha, Kerala",poor,49673,farmer,0.8,semi_pucca,owned,3,0,0,0.2,0,1,1,20,59,High,75000,8145933272,dinesh81@yahoo.com
2166 8736 4187,Arun Sharma,54,"Morigaon, Assam",poor,57556,daily_wage,0.0,semi_pucca,owned,1,0,0,0.3,0,1,0,25,60,High,75000,9956878339,arun525@yahoo.com
6183 3954 2324,Parvathi Singh,53,"Darbhanga, Bihar",poor,33543,farmer,0.2,semi_pucca,rented,4,0,0,0.3,0,0,0,28,72,High,75000,6878519108,parvathi310@yahoo.com
2442 3120 8105,Vijay Thakur,62,"Morigaon, Assam",middle,346330,small_business,0.0,semi_pucca,owned,3,1,0,2.0,0,0,0,25,69,High,35000,7982258713,vijay938@outlook.com
4122 1293 1067,Babu Verma,62,"Srikakulam, Andhra Pradesh",rich,2802361,salaried_govt,0.0,pucca,owned,3,1,1,9.6,1,0,1,22,23,Low,0,9187072867,babu711@yahoo.com
8469 9524 9587,Saranya Pillai,43,"Araria, Bihar",poor,50453,daily_wage,0.0,semi_pucca,owned,5,1,0,0.6,0,1,0,26,76,Critical,100000,6874064039,saranya905@outlook.com
3149 4460 1359,Santosh Reddy,59,"Srikakulam, Andhra Pradesh",poor,62124,daily_wage,0.0,kutcha,owned,6,1,0,0.9,0,0,1,22,87,Critical,100000,6065180170,santosh338@outlook.com
1323 1790 2897,Anita Devi,48,"Alappuzha, Kerala",poor,72633,daily_wage,0.0,kutcha,owned,6,0,0,0.6,0,0,0,20,75,Critical,100000,8622656766,anita817@yahoo.com
3247 7862 2718,Kamala Rao,54,"Srikakulam, Andhra Pradesh",poor,61090,farmer,0.2,kutcha,owned,5,0,0,0.0,0,0,1,22,76,Critical,100000,6825128682,kamala498@yahoo.com
5839 3627 1645,Krishnan Yadav,57,"Alappuzha, Kerala",lower_middle,93928,daily_wage,0.0,semi_pucca,rented,6,0,0,2.3,0,0,0,20,75,Critical,75000,7004786863,krishnan556@outlook.com
2475 9383 2229,Nalini Singh,68,"Srikakulam, Andhra Pradesh",poor,51666,daily_wage,0.0,semi_pucca,owned,3,1,1,0.1,0,1,0,22,52,High,75000,7752431069,nalini140@yahoo.com
6123 7979 2898,Mahesh Jha,28,"Darbhanga, Bihar",rich,1769556,business_owner,14.7,pucca,owned,3,0,1,6.9,0,0,0,28,28,Medium,0,6331190790,mahesh962@gmail.com
3996 2865 7566,Radha Mehta,47,"Darbhanga, Bihar",lower_middle,102349,daily_wage,0.0,kutcha,owned,4,1,0,2.9,0,1,0,28,78,Critical,75000,7067383028,radha927@yahoo.com
7816 8908 8178,Vijay Devi,33,"Srikakulam, Andhra Pradesh",lower_middle,142684,farmer,1.8,semi_pucca,owned,3,0,0,0.3,0,0,1,22,66,High,50000,8395995342,vijay272@outlook.com
1753 2037 5286,Govind Gupta,63,"Alappuzha, Kerala",lower_middle,169714,small_business,0.0,semi_pucca,owned,5,0,0,2.7,0,0,0,20,64,High,50000,7644089268,govind451@gmail.com
9570 2560 8091,Jyothi Verma,64,"Morigaon, Assam",poor,64394,daily_wage,0.0,semi_pucca,owned,2,0,0,0.6,0,0,0,25,65,High,75000,9056856624,jyothi912@gmail.com
3571 9283 8688,Anita Kumar,53,"Araria, Bihar",upper_middle,747975,salaried_govt,0.0,pucca,owned,5,0,1,10.6,1,0,0,26,22,Low,0,9287334270,anita307@gmail.com
8521 8277 8341,Rekha Das,27,"Araria, Bihar",lower_middle,123371,daily_wage,0.0,semi_pucca,rented,3,0,1,0.7,0,0,1,26,66,High,50000,9688263435,rekha429@gmail.com
4389 8474 6584,Saranya Verma,45,"Srikakulam, Andhra Pradesh",poor,62595,farmer,0.0,kutcha,rented,2,0,0,0.0,0,0,0,22,69,High,75000,6751830469,saranya684@yahoo.com
6818 5783 9973,Ramesh Mehta,55,"Darbhanga, Bihar",lower_middle,161232,farmer,1.9,semi_pucca,rented,3,0,0,1.4,0,1,0,28,67,High,50000,6139837354,ramesh856@yahoo.com
7437 4532 8488,Prakash Devi,34,"Morigaon, Assam",lower_middle,144542,daily_wage,0.0,kutcha,owned,1,1,0,2.2,0,1,0,25,70,High,50000,6331739363,prakash635@outlook.com
9172 1071 9689,Rajesh Singh,25,"Morigaon, Assam",rich,995036,salaried_govt,0.0,pucca,owned,6,0,0,16.6,1,0,0,25,36,Medium,0,8467854458,rajesh173@gmail.com
6273 9259 7302,Rajan Mishra,48,"Alappuzha, Kerala",middle,306597,salaried_private,0.0,pucca,owned,3,0,0,5.6,0,1,0,20,39,Medium,20000,9717535560,rajan299@yahoo.com
9975 6143 4560,Rajesh Pillai,34,"Alappuzha, Kerala",poor,52469,daily_wage,0.0,kutcha,owned,4,0,0,0.1,0,0,0,20,70,High,75000,7204899642,rajesh398@yahoo.com
6771 8870 7839,Babu Devi,65,"Araria, Bihar",middle,270516,salaried_private,0.0,pucca,owned,2,0,1,4.6,0,1,0,26,25,Medium,20000,7536937854,babu704@outlook.com
5105 3399 2016,Vijay Pillai,66,"Alappuzha, Kerala",upper_middle,406695,small_business,0.0,pucca,owned,4,0,1,4.3,0,0,0,20,35,Medium,10000,9772522872,vijay704@outlook.com
7371 4892 9370,Santosh Iyer,66,"Morigaon, Assam",upper_middle,416937,salaried_govt,0.0,pucca,owned,4,1,1,8.5,1,0,0,25,21,Low,0,6801006231,santosh628@gmail.com
7025 9955 4218,Deepak Reddy,68,"Morigaon, Assam",lower_middle,169803,daily_wage,0.0,semi_pucca,owned,3,1,0,0.0,0,1,0,25,70,High,50000,7038750997,deepak893@gmail.com
5572 5329 3131,Suresh Yadav,32,"Araria, Bihar",upper_middle,493022,small_business,0.0,pucca,owned,5,0,1,11.7,0,0,0,26,41,Medium,10000,9008860084,suresh643@yahoo.com
6866 2194 6207,Saranya Thakur,55,"Alappuzha, Kerala",poor,76510,daily_wage,0.0,kutcha,rented,0,0,1,0.9,0,0,0,20,50,High,75000,8086211823,saranya692@outlook.com
6911 5809 4579,Jyothi Mehta,61,"Araria, Bihar",poor,63104,daily_wage,0.0,semi_pucca,rented,4,1,0,0.4,0,1,0,26,76,Critical,100000,7984546156,jyothi741@yahoo.com
6258 7248 2857,Rekha Sharma,46,"Alappuzha, Kerala",rich,836925,salaried_govt,0.0,pucca,owned,2,1,1,10.3,1,0,0,20,11,Low,0,9933410166,rekha460@outlook.com
3742 9814 9736,Kavitha Devi,22,"Morigaon, Assam",lower_middle,129146,farmer,1.5,kutcha,owned,3,0,0,0.9,0,0,1,25,74,High,50000,9870021765,kavitha209@gmail.com
3519 1389 8523,Usha Das,67,"Darbhanga, Bihar",rich,1694121,business_owner,8.1,pucca,owned,5,0,1,15.7,0,0,0,28,33,Medium,0,6803397401,usha398@outlook.com
7626 8094 6183,Murugan Gupta,23,"Morigaon, Assam",middle,199201,farmer,4.2,semi_pucca,owned,3,1,0,3.9,0,1,0,25,56,High,35000,8890250392,murugan354@outlook.com
5748 5937 2417,Rajesh Devi,40,"Srikakulam, Andhra Pradesh",lower_middle,174409,daily_wage,0.0,semi_pucca,rented,2,0,0,1.8,0,0,1,22,72,High,50000,9142939685,rajesh918@yahoo.com
7113 1182 3316,Lakshmi Pillai,29,"Srikakulam, Andhra Pradesh",poor,32019,farmer,0.5,kutcha,owned,5,1,0,0.4,0,0,0,22,76,Critical,100000,9218501631,lakshmi212@gmail.com
9397 3333 3637,Geetha Yadav,33,"Darbhanga, Bihar",middle,336409,farmer,3.2,pucca,owned,6,1,1,2.1,0,0,0,28,55,High,35000,8999650477,geetha363@yahoo.com
2198 5762 2103,Parvathi Iyer,38,"Araria, Bihar",rich,1280761,business_owner,12.6,pucca,owned,3,1,0,21.3,0,0,0,26,46,Medium,0,7586629619,parvathi14@gmail.com
6206 8960 8383,Mohan Nair,43,"Darbhanga, Bihar",middle,332199,small_business,0.0,pucca,owned,5,0,0,1.6,0,0,0,28,68,High,35000,8311426265,mohan693@outlook.com
5533 6889 3200,Santosh Yadav,65,"Alappuzha, Kerala",middle,333136,salaried_private,0.0,pucca,owned,2,1,0,5.0,0,1,0,20,39,Medium,20000,8110475412,santosh373@gmail.com
4218 5312 2252,Arvind Iyer,68,"Morigaon, Assam",lower_middle,120038,small_business,0.0,semi_pucca,owned,1,0,1,1.9,0,1,1,25,44,Medium,30000,6267888610,arvind721@yahoo.com
8734 3435 6993,Siva Iyer,47,"Darbhanga, Bihar",upper_middle,731154,salaried_private,0.0,pucca,owned,3,1,0,6.6,0,0,0,28,52,High,15000,6581995604,siva312@yahoo.com
3299 8310 3608,Vijay Verma,33,"Araria, Bihar",poor,63450,daily_wage,0.0,kutcha,owned,4,1,0,0.0,0,1,0,26,76,Critical,100000,9618398262,vijay997@outlook.com
7358 8695 8448,Kamala Jha,24,"Alappuzha, Kerala",lower_middle,127028,farmer,2.0,semi_pucca,owned,3,1,0,0.8,0,1,0,20,56,High,50000,7444721264,kamala880@yahoo.com
6985 2275 9465,Murugan Mishra,38,"Darbhanga, Bihar",poor,64168,daily_wage,0.0,kutcha,owned,4,1,0,0.7,0,0,0,28,83,Critical,100000,9471543799,murugan207@yahoo.com
5600 4465 3461,Mohan Verma,33,"Srikakulam, Andhra Pradesh",lower_middle,125224,farmer,1.5,semi_pucca,owned,4,0,0,1.5,0,1,1,22,61,High,50000,7712406596,mohan922@yahoo.com
1367 4992 1706,Vijay Yadav,30,"Araria, Bihar",lower_middle,95509,farmer,1.3,semi_pucca,owned,5,0,0,0.3,0,0,0,26,70,High,50000,8756924593,vijay690@outlook.com
2404 4548 8359,Priya Pillai,60,"Alappuzha, Kerala",lower_middle,85136,farmer,0.8,kutcha,owned,3,0,0,2.8,0,0,1,20,69,High,50000,9526547935,priya693@gmail.com
3747 6614 8429,Rajesh Rao,60,"Srikakulam, Andhra Pradesh",upper_middle,515009,salaried_govt,0.0,semi_pucca,owned,3,0,0,10.2,1,0,0,22,32,Medium,10000,9465193982,rajesh185@outlook.com
2577 3906 8796,Lakshmi Chaudhary,61,"Alappuzha, Kerala",poor,38664,daily_wage,0.0,kutcha,owned,0,1,0,0.9,0,0,1,20,70,High,75000,6737416724,lakshmi818@outlook.com
7892 7068 1711,Usha Verma,66,"Alappuzha, Kerala",middle,311944,farmer,1.4,pucca,owned,3,0,0,5.5,0,0,1,20,55,High,35000,7426617979,usha665@outlook.com
3193 5170 8817,Rajan Yadav,36,"Alappuzha, Kerala",middle,390318,salaried_private,0.0,semi_pucca,owned,2,0,0,2.8,0,0,0,20,48,Medium,20000,9886805891,rajan277@gmail.com
7144 4365 6175,Kamala Kumar,48,"Darbhanga, Bihar",poor,56781,daily_wage,0.0,semi_pucca,owned,0,1,1,0.7,0,1,0,28,48,Medium,40000,6352909656,kamala682@yahoo.com
7770 8904 3928,Selvi Nair,45,"Morigaon, Assam",poor,68362,daily_wage,0.0,kutcha,owned,3,1,0,0.4,0,0,1,25,85,Critical,100000,6014388899,selvi436@yahoo.com
2642 4513 9328,Deepak Patel,47,"Alappuzha, Kerala",poor,67856,farmer,0.7,kutcha,owned,3,1,0,0.9,0,0,0,20,69,High,75000,7756798250,deepak770@gmail.com
4633 7075 2311,Mohan Rao,60,"Morigaon, Assam",upper_middle,604002,salaried_private,0.0,semi_pucca,owned,2,0,1,3.8,1,0,0,25,25,Medium,10000,9146112545,mohan780@gmail.com
1175 4304 9489,Nalini Gupta,40,"Darbhanga, Bihar",lower_middle,148289,small_business,0.0,semi_pucca,owned,4,1,0,0.2,0,0,1,28,77,Critical,75000,9387571775,nalini897@outlook.com
5520 7544 6785,Vijay Das,64,"Araria, Bihar",poor,75773,daily_wage,0.0,semi_pucca,owned,3,1,0,0.0,0,1,1,26,76,Critical,100000,6401051238,vijay733@yahoo.com
5530 4707 4187,Krishnan Jha,51,"Srikakulam, Andhra Pradesh",upper_middle,505020,salaried_govt,0.0,pucca,owned,5,0,0,3.6,1,1,0,22,33,Medium,10000,7825867362,krishnan246@yahoo.com
5098 8254 7178,Dinesh Iyer,58,"Srikakulam, Andhra Pradesh",poor,63176,daily_wage,0.0,kutcha,rented,5,1,0,0.3,0,0,0,22,87,Critical,100000,7660937966,dinesh428@outlook.com
6172 7757 6785,Santosh Reddy,55,"Srikakulam, Andhra Pradesh",lower_middle,140142,farmer,2.3,semi_pucca,owned,2,0,0,1.4,0,1,1,22,53,High,50000,6334191825,santosh891@yahoo.com
6142 6792 4580,Sunita Thakur,58,"Alappuzha, Kerala",lower_middle,112539,daily_wage,0.0,semi_pucca,owned,6,1,0,2.2,0,1,0,20,70,High,50000,8371478596,sunita892@yahoo.com
6833 3555 2747,Rekha Chaudhary,29,"Morigaon, Assam",lower_middle,104925,farmer,0.9,semi_pucca,owned,2,0,0,2.6,0,1,1,25,59,High,50000,9915579249,rekha363@outlook.com
3996 9374 5591,Pushpa Thakur,47,"Darbhanga, Bihar",lower_middle,150972,small_business,0.0,semi_pucca,rented,2,0,0,1.1,0,1,0,28,62,High,50000,6251341252,pushpa682@gmail.com
2972 9490 8537,Sunita Gupta,42,"Araria, Bihar",poor,57733,daily_wage,0.0,kutcha,owned,1,1,0,0.5,0,0,0,26,76,Critical,100000,9692966278,sunita419@outlook.com
6621 6995 4013,Pushpa Thakur,53,"Darbhanga, Bihar",poor,68076,daily_wage,0.0,semi_pucca,rented,2,1,0,0.9,0,1,1,28,78,Critical,100000,7827422579,pushpa13@gmail.com
5422 4863 8081,Santosh Devi,46,"Srikakulam, Andhra Pradesh",poor,54399,daily_wage,0.0,kutcha,owned,4,1,0,0.5,0,0,0,22,77,Critical,100000,6507236887,santosh125@gmail.com
5915 5111 1781,Babu Thakur,47,"Araria, Bihar",poor,30638,daily_wage,0.0,semi_pucca,rented,2,1,0,1.0,0,0,0,26,76,Critical,100000,9767721903,babu523@outlook.com
5222 6638 1324,Radha Jha,48,"Darbhanga, Bihar",upper_middle,512966,salaried_govt,0.0,semi_pucca,owned,3,0,1,8.7,1,0,0,28,23,Low,0,8043842797,radha554@gmail.com
8322 2284 7243,Rajesh Thakur,61,"Darbhanga, Bihar",lower_middle,106077,farmer,1.8,semi_pucca,owned,2,0,0,2.9,0,1,1,28,62,High,50000,6914858078,rajesh217@outlook.com
6629 4739 6136,Kavitha Patel,42,"Morigaon, Assam",poor,40982,farmer,0.9,semi_pucca,owned,0,1,0,0.6,0,0,0,25,59,High,75000,7613407451,kavitha11@gmail.com
3741 4012 1378,Deepak Yadav,30,"Morigaon, Assam",poor,47776,daily_wage,0.0,semi_pucca,owned,2,0,0,0.9,0,0,0,25,65,High,75000,9133959629,deepak544@yahoo.com
7504 9584 2363,Anita Kumar,28,"Araria, Bihar",poor,35247,daily_wage,0.0,semi_pucca,owned,1,1,0,0.1,0,0,0,26,71,High,75000,7330958498,anita327@gmail.com
1575 6846 6328,Vijay Kumar,52,"Morigaon, Assam",poor,55548,daily_wage,0.0,kutcha,owned,3,1,0,0.3,0,0,1,25,85,Critical,100000,7544948126,vijay982@yahoo.com
9745 6073 6688,Usha Verma,52,"Srikakulam, Andhra Pradesh",poor,75719,daily_wage,0.0,semi_pucca,owned,3,1,0,0.5,0,0,0,22,72,High,75000,6422325367,usha698@outlook.com
9767 1136 9059,Mahesh Thakur,52,"Alappuzha, Kerala",lower_middle,127943,farmer,0.8,kutcha,owned,4,0,1,1.6,0,0,1,20,54,High,50000,7946671168,mahesh775@outlook.com
3675 7385 7199,Selvi Reddy,36,"Morigaon, Assam",poor,69125,daily_wage,0.0,kutcha,owned,4,1,1,0.4,0,0,0,25,65,High,75000,8577590175,selvi181@outlook.com
7765 4080 2121,Siva Rao,33,"Morigaon, Assam",lower_middle,147713,daily_wage,0.0,semi_pucca,owned,1,0,0,2.4,0,0,1,25,70,High,50000,6863637454,siva533@outlook.com
9764 1362 4046,Lakshmi Sharma,28,"Araria, Bihar",upper_middle,733915,small_business,0.0,semi_pucca,owned,5,0,1,9.3,0,0,0,26,45,Medium,10000,8892975001,lakshmi813@gmail.com
8597 1519 6410,Nalini Jha,27,"Morigaon, Assam",poor,77651,daily_wage,0.0,kutcha,owned,2,1,0,0.0,0,1,1,25,75,Critical,100000,9012770632,nalini835@gmail.com
5078 7304 8257,Ramesh Devi,37,"Araria, Bihar",middle,383332,farmer,3.2,semi_pucca,owned,4,1,1,5.5,0,1,0,26,42,Medium,20000,8241541520,ramesh464@gmail.com
1691 9534 3001,Babu Patel,38,"Darbhanga, Bihar",poor,36157,daily_wage,0.0,kutcha,owned,2,1,0,0.5,0,0,1,28,83,Critical,100000,9436110371,babu965@yahoo.com
2960 7484 4982,Vijay Rao,22,"Srikakulam, Andhra Pradesh",poor,33413,daily_wage,0.0,kutcha,owned,3,0,0,0.1,0,0,1,22,77,Critical,100000,7938700516,vijay220@gmail.com
6824 3521 9787,Anita Sharma,28,"Darbhanga, Bihar",lower_middle,128679,small_business,0.0,semi_pucca,owned,3,0,0,1.5,0,0,1,28,72,High,50000,7713611155,anita280@gmail.com
3207 5107 1646,Murugan Jha,53,"Araria, Bihar",lower_middle,153184,small_business,0.0,kutcha,rented,4,0,0,2.4,0,0,1,26,80,Critical,75000,8262218909,murugan776@outlook.com
9702 3539 8362,Vijay Das,40,"Srikakulam, Andhra Pradesh",poor,42437,daily_wage,0.0,semi_pucca,owned,2,1,0,0.3,0,0,0,22,67,High,75000,7753269731,vijay881@outlook.com
2037 9830 7348,Rekha Mehta,34,"Morigaon, Assam",middle,180188,salaried_private,0.0,semi_pucca,owned,5,0,0,4.7,0,0,0,25,58,High,35000,6219656523,rekha766@gmail.com
1512 4310 2753,Arvind Patel,53,"Alappuzha, Kerala",lower_middle,117110,small_business,0.0,semi_pucca,rented,3,1,0,0.3,0,0,1,20,74,High,50000,8138999404,arvind436@gmail.com
4419 9051 2310,Mohan Kumar,51,"Araria, Bihar",poor,55467,daily_wage,0.0,kutcha,owned,3,1,0,0.7,0,1,1,26,81,Critical,100000,7898364037,mohan489@yahoo.com
4537 9511 2591,Saranya Das,28,"Darbhanga, Bihar",lower_middle,134519,farmer,2.1,semi_pucca,owned,2,0,1,1.9,0,0,0,28,44,Medium,30000,9137918055,saranya583@yahoo.com
7997 2705 3733,Krishnan Gupta,33,"Araria, Bihar",poor,73049,farmer,0.6,kutcha,rented,3,1,0,0.7,0,0,1,26,85,Critical,100000,7696582710,krishnan553@gmail.com
8054 6299 4943,Radha Yadav,58,"Alappuzha, Kerala",poor,40366,farmer,0.6,semi_pucca,rented,2,1,0,0.9,0,0,0,20,64,High,75000,6043006848,radha651@gmail.com
1267 9480 3213,Mahesh Chaudhary,41,"Alappuzha, Kerala",poor,78796,daily_wage,0.0,kutcha,owned,2,1,0,0.4,0,0,0,20,70,High,75000,9661889241,mahesh644@outlook.com
1618 8542 6827,Lakshmi Devi,31,"Darbhanga, Bihar",poor,50637,daily_wage,0.0,kutcha,rented,5,1,0,0.7,0,1,0,28,88,Critical,100000,8183285691,lakshmi796@yahoo.com
3832 8999 2562,Babu Thakur,60,"Araria, Bihar",lower_middle,112749,farmer,2.1,semi_pucca,owned,4,1,1,1.2,0,0,0,26,52,High,50000,8630316179,babu656@gmail.com
4714 1187 7266,Govind Devi,25,"Morigaon, Assam",middle,391901,farmer,1.3,pucca,owned,3,0,1,4.9,0,1,0,25,35,Medium,20000,6421020275,govind860@outlook.com
9269 2475 4638,Deepak Chaudhary,49,"Morigaon, Assam",poor,39802,daily_wage,0.0,kutcha,owned,3,1,0,0.2,0,0,0,25,80,Critical,100000,8252410564,deepak793@yahoo.com
3209 8879 4245,Usha Singh,53,"Morigaon, Assam",lower_middle,90819,small_business,0.0,kutcha,rented,4,0,0,1.6,0,1,1,25,74,High,50000,6491778507,usha630@gmail.com
7939 6984 6706,Meena Yadav,34,"Srikakulam, Andhra Pradesh",lower_middle,176425,farmer,1.0,semi_pucca,owned,1,0,0,1.3,0,0,0,22,56,High,50000,7524191380,meena797@yahoo.com
4825 4271 7124,Deepak Sharma,31,"Morigaon, Assam",poor,49976,daily_wage,0.0,semi_pucca,owned,3,1,0,0.8,0,0,0,25,75,Critical,100000,6030756220,deepak304@gmail.com
8373 8719 1372,Meena Pillai,43,"Darbhanga, Bihar",lower_middle,161396,daily_wage,0.0,semi_pucca,rented,3,0,0,2.5,0,1,0,28,73,High,50000,9353654195,meena215@yahoo.com
9631 1712 5185,Priya Mishra,32,"Araria, Bihar",poor,79175,daily_wage,0.0,kutcha,owned,6,1,0,0.7,0,1,0,26,81,Critical,100000,6802380617,priya766@yahoo.com
1312 5792 7332,Radha Devi,36,"Darbhanga, Bihar",lower_middle,160997,farmer,1.4,kutcha,owned,2,1,0,0.2,0,0,0,28,72,High,50000,8451870534,radha31@outlook.com
5053 9673 5995,Priya Sharma,43,"Srikakulam, Andhra Pradesh",poor,69131,daily_wage,0.0,kutcha,owned,2,1,0,0.5,0,0,0,22,72,High,75000,8937597383,priya117@gmail.com
7343 1482 5590,Anita Rao,36,"Srikakulam, Andhra Pradesh",poor,52726,farmer,0.4,semi_pucca,rented,2,1,0,1.0,0,0,1,22,71,High,75000,7060385050,anita835@gmail.com
3502 7987 6118,Govind Reddy,60,"Araria, Bihar",poor,35753,daily_wage,0.0,kutcha,owned,2,0,0,0.7,0,0,0,26,71,High,75000,9413836702,govind324@yahoo.com
8046 3378 3589,Kamala Singh,42,"Morigaon, Assam",poor,72760,farmer,0.5,semi_pucca,rented,5,1,0,0.9,0,1,0,25,74,High,75000,8103865719,kamala87@outlook.com
3489 4079 2749,Deepak Rao,30,"Darbhanga, Bihar",poor,39536,daily_wage,0.0,kutcha,rented,3,0,0,0.9,0,0,1,28,88,Critical,100000,6826199062,deepak604@yahoo.com
9230 8680 7126,Arun Singh,33,"Araria, Bihar",lower_middle,159377,daily_wage,0.0,semi_pucca,owned,6,0,0,0.7,0,0,1,26,81,Critical,75000,7445655743,arun42@yahoo.com
2083 3901 8197,Prakash Nair,61,"Srikakulam, Andhra Pradesh",poor,42665,farmer,0.4,kutcha,rented,3,1,0,0.9,0,0,1,22,81,Critical,100000,6329121277,prakash994@outlook.com
1630 9530 2791,Siva Verma,50,"Srikakulam, Andhra Pradesh",rich,1835086,business_owner,12.3,pucca,owned,5,0,1,20.8,0,0,0,22,27,Medium,0,8618537474,siva69@gmail.com
8201 7521 5989,Prakash Pillai,40,"Srikakulam, Andhra Pradesh",middle,315974,farmer,4.9,semi_pucca,owned,2,0,1,2.9,0,0,0,22,38,Medium,20000,6124903521,prakash436@yahoo.com
3945 9952 3216,Rajesh Devi,47,"Srikakulam, Andhra Pradesh",poor,33574,daily_wage,0.0,kutcha,rented,4,1,0,0.5,0,0,1,22,87,Critical,100000,7568044206,rajesh316@outlook.com
3686 3024 2494,Dinesh Mehta,29,"Srikakulam, Andhra Pradesh",upper_middle,413061,small_business,0.0,pucca,owned,3,1,0,9.4,0,1,0,22,47,Medium,10000,9883171210,dinesh388@gmail.com
3459 3656 3369,Vijay Mehta,33,"Srikakulam, Andhra Pradesh",lower_middle,130343,farmer,2.5,kutcha,owned,2,0,0,0.5,0,0,1,22,63,High,50000,6323651994,vijay580@gmail.com
5146 1200 8514,Ramesh Chaudhary,53,"Darbhanga, Bihar",middle,261138,salaried_private,0.0,semi_pucca,owned,2,0,0,2.4,1,0,0,28,48,Medium,20000,6013721510,ramesh651@outlook.com
9967 5556 4401,Ramesh Reddy,25,"Srikakulam, Andhra Pradesh",poor,45589,daily_wage,0.0,semi_pucca,owned,3,1,0,0.5,0,0,0,22,72,High,75000,9029667066,ramesh981@outlook.com
3920 3643 5659,Rajan Yadav,61,"Araria, Bihar",lower_middle,84813,farmer,0.6,kutcha,owned,2,1,0,1.8,0,1,1,26,70,High,50000,7532447209,rajan737@gmail.com
2063 5797 8713,Mohan Yadav,30,"Alappuzha, Kerala",poor,53605,daily_wage,0.0,kutcha,owned,3,0,0,0.3,0,0,1,20,75,Critical,100000,7476870146,mohan612@yahoo.com
8924 5705 7996,Kamala Das,60,"Darbhanga, Bihar",poor,64383,daily_wage,0.0,kutcha,owned,3,1,0,0.1,0,0,0,28,83,Critical,100000,7638380657,kamala598@yahoo.com
4812 5759 4171,Nalini Patel,22,"Morigaon, Assam",poor,70844,daily_wage,0.0,semi_pucca,owned,3,1,0,0.6,0,0,0,25,75,Critical,100000,9598564205,nalini312@yahoo.com
4478 1185 4296,Krishnan Iyer,66,"Darbhanga, Bihar",lower_middle,95456,daily_wage,0.0,semi_pucca,owned,1,0,0,1.8,0,0,1,28,73,High,50000,7040785932,krishnan208@gmail.com
4178 6415 6536,Priya Patel,65,"Morigaon, Assam",poor,63206,daily_wage,0.0,kutcha,rented,1,1,0,0.1,0,1,1,25,80,Critical,100000,6334803965,priya784@yahoo.com
5904 6169 9779,Anita Verma,23,"Srikakulam, Andhra Pradesh",poor,61555,farmer,0.5,kutcha,owned,6,1,0,0.9,0,0,0,22,76,Critical,100000,7239559059,anita112@outlook.com
2914 6050 6152,Murugan Patel,67,"Araria, Bihar",poor,39784,daily_wage,0.0,kutcha,rented,4,1,1,1.0,0,0,0,26,71,High,75000,7937842701,murugan894@yahoo.com
4311 2517 8270,Radha Sharma,54,"Darbhanga, Bihar",poor,45574,daily_wage,0.0,kutcha,rented,4,1,0,0.3,0,0,1,28,93,Critical,100000,6393087059,radha822@gmail.com
3174 4361 1598,Rajan Verma,51,"Darbhanga, Bihar",middle,220390,salaried_private,0.0,pucca,owned,3,1,0,4.7,0,0,0,28,57,High,35000,7252500292,rajan414@outlook.com
1368 6114 4438,Kamala Pillai,42,"Srikakulam, Andhra Pradesh",lower_middle,85771,daily_wage,0.0,kutcha,rented,3,0,0,0.3,0,0,1,22,82,Critical,75000,6851569154,kamala418@yahoo.com
4384 9888 6739,Rajesh Devi,57,"Araria, Bihar",poor,50915,daily_wage,0.0,kutcha,rented,5,0,0,0.3,0,1,1,26,86,Critical,100000,8226752895,rajesh818@yahoo.com
1475 8712 1826,Anita Singh,28,"Morigaon, Assam",middle,364642,salaried_private,0.0,semi_pucca,owned,6,0,0,1.9,0,0,0,25,63,High,35000,7926442209,anita186@yahoo.com
6444 4246 9740,Krishnan Pillai,27,"Srikakulam, Andhra Pradesh",poor,41729,daily_wage,0.0,kutcha,owned,4,0,0,0.6,0,0,1,22,77,Critical,100000,9902959391,krishnan281@outlook.com
3354 5227 6954,Santosh Reddy,47,"Srikakulam, Andhra Pradesh",upper_middle,766267,salaried_govt,0.0,semi_pucca,owned,2,0,1,9.2,1,0,0,22,12,Low,0,9251355215,santosh481@yahoo.com
3087 9322 2686,Krishnan Chaudhary,47,"Araria, Bihar",poor,31983,daily_wage,0.0,kutcha,owned,4,1,0,0.5,0,0,1,26,86,Critical,100000,9043315410,krishnan346@outlook.com
6582 4411 8063,Murugan Das,49,"Darbhanga, Bihar",lower_middle,119599,farmer,1.3,semi_pucca,owned,5,0,0,1.9,0,0,0,28,72,High,50000,6676267658,murugan141@gmail.com
2599 8294 3886,Parvathi Mehta,41,"Alappuzha, Kerala",poor,41343,daily_wage,0.0,semi_pucca,owned,4,1,0,0.9,0,0,0,20,70,High,75000,9179327104,parvathi908@yahoo.com
1003 3403 3444,Arvind Menon,50,"Srikakulam, Andhra Pradesh",poor,69086,daily_wage,0.0,semi_pucca,rented,2,0,0,0.5,0,0,1,22,72,High,75000,6541152621,arvind143@yahoo.com
6640 2462 1133,Saranya Yadav,61,"Alappuzha, Kerala",poor,59305,daily_wage,0.0,kutcha,owned,4,1,0,0.3,0,0,0,20,75,Critical,100000,6599706296,saranya933@gmail.com
5623 1510 4854,Krishnan Devi,49,"Alappuzha, Kerala",lower_middle,88180,small_business,0.0,kutcha,owned,3,1,0,0.2,0,0,0,20,69,High,50000,7015336884,krishnan467@gmail.com
3527 5726 3056,Radha Yadav,30,"Alappuzha, Kerala",poor,55086,farmer,0.4,semi_pucca,rented,5,1,0,0.2,0,1,0,20,69,High,75000,8431069872,radha898@yahoo.com
7974 3945 8444,Govind Gupta,54,"Darbhanga, Bihar",poor,77273,daily_wage,0.0,semi_pucca,rented,4,0,0,1.0,0,1,1,28,78,Critical,100000,6506149731,govind880@outlook.com
9948 7012 1548,Pushpa Yadav,24,"Srikakulam, Andhra Pradesh",lower_middle,104352,small_business,0.0,semi_pucca,owned,3,0,1,1.5,0,0,0,22,46,Medium,30000,6324171467,pushpa721@gmail.com
9469 2281 9574,Pushpa Gupta,61,"Alappuzha, Kerala",lower_middle,156056,small_business,0.0,semi_pucca,owned,2,0,0,0.4,0,0,0,20,54,High,50000,9418625652,pushpa728@outlook.com
1864 6628 9765,Saranya Chaudhary,22,"Darbhanga, Bihar",middle,345324,small_business,0.0,semi_pucca,owned,3,0,0,1.4,0,0,0,28,67,High,35000,9047743490,saranya408@gmail.com
5267 2006 8752,Saranya Menon,59,"Srikakulam, Andhra Pradesh",poor,67615,farmer,0.4,semi_pucca,owned,5,0,0,0.8,0,1,1,22,66,High,75000,7115869380,saranya438@outlook.com
3171 5603 5509,Pushpa Rao,38,"Araria, Bihar",poor,78324,daily_wage,0.0,semi_pucca,owned,3,1,0,0.1,0,0,0,26,76,Critical,100000,9868793741,pushpa585@yahoo.com
3962 9640 1542,Rekha Thakur,43,"Darbhanga, Bihar",upper_middle,491547,salaried_private,0.0,pucca,owned,3,0,0,8.9,0,1,0,28,42,Medium,10000,9089899217,rekha987@outlook.com
6653 1890 5331,Vijay Nair,29,"Darbhanga, Bihar",poor,40102,daily_wage,0.0,semi_pucca,owned,5,0,0,0.4,0,0,0,28,78,Critical,100000,7233206163,vijay742@outlook.com
9690 8122 1194,Dinesh Singh,40,"Darbhanga, Bihar",lower_middle,119500,farmer,2.4,semi_pucca,owned,2,0,0,0.7,0,0,1,28,64,High,50000,7945116868,dinesh193@gmail.com
5429 5375 2610,Pushpa Mehta,38,"Srikakulam, Andhra Pradesh",poor,64750,farmer,0.0,semi_pucca,rented,4,1,0,0.6,0,0,1,22,79,Critical,100000,8487099861,pushpa378@gmail.com
9972 1173 1138,Sunita Mehta,26,"Alappuzha, Kerala",lower_middle,178184,small_business,0.0,semi_pucca,owned,3,1,0,2.3,0,0,0,20,64,High,50000,9229991191,sunita266@outlook.com
2506 1931 4552,Priya Chaudhary,60,"Darbhanga, Bihar",upper_middle,675389,salaried_govt,0.0,semi_pucca,owned,4,1,1,5.0,1,1,0,28,28,Medium,10000,8856467997,priya222@yahoo.com
5150 5826 8650,Meena Patel,64,"Darbhanga, Bihar",poor,38513,daily_wage,0.0,kutcha,owned,2,1,0,0.6,0,0,1,28,83,Critical,100000,6246299606,meena290@gmail.com
6450 1984 5230,Murugan Mishra,38,"Darbhanga, Bihar",poor,75365,farmer,0.8,kutcha,owned,4,0,0,0.2,0,1,0,28,67,High,75000,8307450544,murugan484@outlook.com
5243 2692 1571,Rajan Gupta,26,"Araria, Bihar",poor,43151,farmer,0.2,kutcha,owned,3,1,0,0.1,0,0,1,26,80,Critical,100000,8713247546,rajan596@gmail.com
1060 9444 9039,Jyothi Mishra,52,"Darbhanga, Bihar",middle,184919,salaried_private,0.0,semi_pucca,owned,5,0,1,4.2,0,0,0,28,46,Medium,20000,6373678508,jyothi874@yahoo.com
5961 7563 1904,Krishnan Mehta,62,"Srikakulam, Andhra Pradesh",poor,34594,farmer,0.0,semi_pucca,owned,4,1,0,0.8,0,0,0,22,69,High,75000,7148628902,krishnan921@outlook.com
4129 5896 7391,Suresh Mishra,28,"Darbhanga, Bihar",poor,52286,daily_wage,0.0,semi_pucca,owned,5,1,0,0.8,0,0,1,28,88,Critical,100000,7303070534,suresh726@outlook.com
6041 9186 9748,Mohan Iyer,50,"Morigaon, Assam",poor,58703,farmer,0.1,kutcha,owned,3,0,0,0.7,0,0,0,25,69,High,75000,8786103579,mohan401@yahoo.com
4817 2180 1604,Siva Singh,31,"Darbhanga, Bihar",middle,194694,farmer,3.9,semi_pucca,owned,1,1,0,2.1,0,0,0,28,64,High,35000,9279855241,siva198@outlook.com
8474 3796 2047,Saranya Devi,28,"Srikakulam, Andhra Pradesh",poor,70525,daily_wage,0.0,kutcha,owned,4,1,0,0.1,0,1,1,22,77,Critical,100000,8060293333,saranya856@gmail.com
2979 9943 3250,Selvi Mehta,42,"Darbhanga, Bihar",middle,389498,salaried_private,0.0,pucca,owned,4,0,1,2.0,0,0,0,28,42,Medium,20000,8680072290,selvi944@gmail.com
1666 3185 2637,Deepak Reddy,62,"Araria, Bihar",middle,225468,farmer,1.5,pucca,owned,3,1,1,3.1,0,0,0,26,46,Medium,20000,7494466574,deepak969@yahoo.com
4377 3344 5439,Arun Singh,55,"Alappuzha, Kerala",poor,61913,farmer,0.0,kutcha,rented,2,1,0,0.7,0,0,1,20,77,Critical,100000,7748969108,arun500@gmail.com
7861 1074 4860,Saranya Jha,34,"Srikakulam, Andhra Pradesh",poor,70012,farmer,0.6,kutcha,owned,5,1,0,0.6,0,1,0,22,71,High,75000,8899441715,saranya596@yahoo.com
2846 3444 8772,Anita Nair,53,"Darbhanga, Bihar",lower_middle,179762,daily_wage,0.0,semi_pucca,owned,3,0,0,1.4,0,0,1,28,78,Critical,75000,8544432830,anita924@yahoo.com
1859 9804 3881,Suresh Devi,32,"Araria, Bihar",lower_middle,87081,farmer,1.1,semi_pucca,owned,5,0,0,1.0,0,0,0,26,70,High,50000,9520744666,suresh650@gmail.com
4731 2606 4884,Meena Mehta,48,"Darbhanga, Bihar",poor,45420,farmer,0.6,semi_pucca,rented,3,0,0,0.2,0,0,1,28,77,Critical,100000,6993538758,meena920@gmail.com
3234 8499 4181,Murugan Jha,62,"Araria, Bihar",lower_middle,156689,small_business,0.0,kutcha,rented,3,0,0,0.4,0,0,0,26,75,Critical,75000,8282417248,murugan947@gmail.com
4602 5835 3568,Vijay Mehta,62,"Morigaon, Assam",poor,32103,daily_wage,0.0,kutcha,rented,5,1,0,0.1,0,0,0,25,90,Critical,100000,7513534655,vijay497@gmail.com
5573 1237 8014,Arun Gupta,37,"Alappuzha, Kerala",upper_middle,689803,salaried_govt,0.0,pucca,owned,3,0,1,10.7,1,0,0,20,11,Low,0,8947170999,arun690@gmail.com
8711 9261 1550,Suresh Sharma,49,"Araria, Bihar",middle,331903,salaried_private,0.0,semi_pucca,owned,5,1,0,5.7,0,0,0,26,64,High,35000,6738168460,suresh183@gmail.com
3174 6872 5846,Govind Nair,37,"Alappuzha, Kerala",middle,392262,salaried_private,0.0,semi_pucca,owned,2,0,0,3.3,0,0,1,20,48,Medium,20000,7235697252,govind86@yahoo.com
4030 7068 8607,Arvind Mishra,67,"Darbhanga, Bihar",lower_middle,101207,daily_wage,0.0,semi_pucca,owned,3,0,0,2.2,0,1,0,28,68,High,50000,6752500743,arvind554@gmail.com
6500 1898 9433,Geetha Das,65,"Darbhanga, Bihar",lower_middle,123634,daily_wage,0.0,semi_pucca,owned,4,0,0,2.3,0,0,0,28,73,High,50000,7927129666,geetha255@gmail.com
6487 4909 9841,Geetha Singh,29,"Morigaon, Assam",upper_middle,600778,salaried_private,0.0,semi_pucca,owned,5,1,0,6.3,1,0,1,25,55,High,15000,9760083505,geetha480@gmail.com
9629 3010 8703,Nalini Verma,67,"Srikakulam, Andhra Pradesh",lower_middle,122003,farmer,1.0,semi_pucca,owned,1,1,0,0.8,0,1,1,22,61,High,50000,7003354216,nalini545@outlook.com
2313 7400 3929,Parvathi Das,40,"Alappuzha, Kerala",rich,2344115,business_owner,14.3,pucca,owned,5,0,1,22.9,0,1,0,20,20,Low,0,8210447898,parvathi25@yahoo.com
3163 8764 6680,Govind Iyer,48,"Darbhanga, Bihar",poor,75683,daily_wage,0.0,kutcha,rented,5,1,0,0.2,0,0,1,28,98,Critical,100000,8625753260,govind127@outlook.com
8965 9686 9986,Jyothi Mehta,50,"Srikakulam, Andhra Pradesh",upper_middle,499122,salaried_private,0.0,pucca,owned,3,1,0,5.1,0,0,0,22,51,High,15000,7323098215,jyothi347@yahoo.com
8469 3725 3634,Krishnan Pillai,67,"Srikakulam, Andhra Pradesh",lower_middle,120172,farmer,1.0,semi_pucca,rented,3,1,0,2.9,0,0,1,22,76,Critical,75000,6648909010,krishnan825@gmail.com
3072 8223 5266,Babu Menon,45,"Alappuzha, Kerala",poor,76406,daily_wage,0.0,kutcha,owned,2,1,0,0.2,0,1,1,20,70,High,75000,6167618472,babu515@outlook.com
5940 2990 1408,Vijay Iyer,47,"Araria, Bihar",middle,365371,small_business,0.0,pucca,owned,0,1,0,2.7,0,0,0,26,56,High,35000,7046184992,vijay83@outlook.com
3409 8243 6549,Arun Pillai,66,"Srikakulam, Andhra Pradesh",poor,40227,daily_wage,0.0,kutcha,owned,3,1,0,1.0,0,1,0,22,72,High,75000,9189141173,arun353@outlook.com
4197 9625 4639,Babu Sharma,39,"Darbhanga, Bihar",lower_middle,152215,small_business,0.0,kutcha,rented,5,1,1,1.9,0,1,1,28,72,High,50000,7483564208,babu680@gmail.com
6915 7513 3423,Rajesh Sharma,67,"Araria, Bihar",poor,59193,daily_wage,0.0,kutcha,owned,2,1,0,1.0,0,0,0,26,76,Critical,100000,9375300119,rajesh761@gmail.com
8249 5728 3683,Deepak Yadav,68,"Srikakulam, Andhra Pradesh",middle,277735,salaried_private,0.0,semi_pucca,owned,3,1,0,2.5,0,0,0,22,60,High,35000,9218114374,deepak14@outlook.com
1108 7708 5478,Murugan Das,48,"Srikakulam, Andhra Pradesh",poor,69186,farmer,0.2,kutcha,owned,3,1,0,0.9,0,0,1,22,76,Critical,100000,8701204556,murugan593@gmail.com
8593 4678 1439,Saranya Thakur,22,"Araria, Bihar",poor,38973,farmer,0.8,semi_pucca,owned,2,1,0,0.5,0,0,1,26,70,High,75000,6100225579,saranya706@yahoo.com
2955 5541 9078,Rekha Kumar,26,"Araria, Bihar",lower_middle,163435,farmer,1.8,semi_pucca,owned,3,0,0,1.3,0,0,0,26,65,High,50000,8155216674,rekha555@gmail.com
9397 1287 5252,Meena Jha,32,"Alappuzha, Kerala",upper_middle,651912,small_business,0.0,pucca,owned,3,0,0,8.7,0,0,0,20,45,Medium,10000,9762120216,meena291@gmail.com
5749 5778 9677,Krishnan Sharma,62,"Alappuzha, Kerala",lower_middle,170869,daily_wage,0.0,kutcha,rented,4,1,0,0.8,0,0,0,20,80,Critical,75000,9972965902,krishnan658@yahoo.com
6939 2570 9755,Saranya Rao,59,"Darbhanga, Bihar",poor,36193,daily_wage,0.0,semi_pucca,rented,4,1,0,0.3,0,1,0,28,78,Critical,100000,9716701450,saranya22@yahoo.com
4622 4087 9612,Lakshmi Verma,56,"Morigaon, Assam",poor,48442,daily_wage,0.0,kutcha,rented,6,1,0,0.3,0,0,1,25,95,Critical,100000,7588916375,lakshmi606@yahoo.com
9570 6604 3821,Arvind Gupta,67,"Alappuzha, Kerala",poor,35006,daily_wage,0.0,kutcha,owned,3,1,0,0.0,0,1,0,20,70,High,75000,9289002877,arvind336@outlook.com
2830 2273 1308,Kavitha Yadav,52,"Morigaon, Assam",poor,44572,daily_wage,0.0,semi_pucca,owned,6,1,0,0.7,0,1,1,25,80,Critical,100000,7175354083,kavitha433@gmail.com
3028 4365 4277,Ramesh Devi,33,"Srikakulam, Andhra Pradesh",lower_middle,166479,daily_wage,0.0,kutcha,rented,3,0,1,0.4,0,1,1,22,62,High,50000,9631779717,ramesh277@yahoo.com
2119 2623 1229,Rekha Verma,55,"Morigaon, Assam",poor,78902,daily_wage,0.0,kutcha,rented,4,0,0,0.3,0,1,0,25,75,Critical,100000,9517016608,rekha179@outlook.com
4033 8203 2758,Arun Jha,33,"Araria, Bihar",poor,79415,daily_wage,0.0,kutcha,rented,5,1,0,0.1,0,1,0,26,86,Critical,100000,6199488375,arun149@yahoo.com
1665 2347 6375,Radha Pillai,53,"Morigaon, Assam",poor,44912,farmer,0.8,kutcha,rented,2,1,0,0.5,0,0,0,25,74,High,75000,8037589975,radha612@yahoo.com
8793 7020 3937,Prakash Das,22,"Darbhanga, Bihar",poor,78245,farmer,1.0,kutcha,owned,3,1,0,0.6,0,1,0,28,72,High,75000,9113055488,prakash952@outlook.com
6959 4261 6548,Vijay Das,34,"Srikakulam, Andhra Pradesh",lower_middle,166317,daily_wage,0.0,semi_pucca,owned,1,0,1,1.2,0,0,0,22,47,Medium,30000,8102726149,vijay58@outlook.com
8795 7626 8938,Selvi Jha,54,"Alappuzha, Kerala",middle,241045,salaried_private,0.0,semi_pucca,owned,3,0,0,2.4,0,0,0,20,53,High,35000,7316373516,selvi416@yahoo.com
3934 7269 6356,Nalini Kumar,31,"Morigaon, Assam",lower_middle,112858,farmer,1.0,semi_pucca,rented,3,0,0,0.1,0,0,0,25,69,High,50000,6917798270,nalini47@gmail.com
6629 9856 9955,Dinesh Iyer,23,"Morigaon, Assam",lower_middle,148150,daily_wage,0.0,kutcha,owned,3,0,0,0.6,0,0,0,25,75,Critical,75000,6869782922,dinesh58@yahoo.com
8056 3203 6119,Vijay Thakur,67,"Darbhanga, Bihar",poor,50614,farmer,0.4,kutcha,owned,2,0,1,0.2,0,0,0,28,52,High,75000,6699586693,vijay360@gmail.com
1913 7412 5315,Vijay Verma,53,"Srikakulam, Andhra Pradesh",upper_middle,698243,salaried_govt,0.0,semi_pucca,owned,5,0,0,9.2,1,0,0,22,37,Medium,10000,8654722698,vijay533@gmail.com
7235 2594 8014,Priya Mehta,44,"Alappuzha, Kerala",poor,48640,farmer,0.0,semi_pucca,owned,2,1,0,0.8,0,1,0,20,57,High,75000,8858333945,priya245@outlook.com
6531 3781 1322,Saranya Devi,56,"Morigaon, Assam",lower_middle,112011,small_business,0.0,semi_pucca,rented,3,1,0,1.8,0,0,1,25,79,Critical,75000,7288515879,saranya578@yahoo.com
7394 6282 2601,Babu Mishra,53,"Morigaon, Assam",poor,57687,daily_wage,0.0,kutcha,owned,2,1,0,0.3,0,0,0,25,75,Critical,100000,9846081062,babu783@outlook.com
9142 2234 9779,Usha Nair,35,"Darbhanga, Bihar",middle,310215,small_business,0.0,semi_pucca,owned,4,0,0,2.7,0,0,0,28,67,High,35000,6034244204,usha309@outlook.com
6518 5478 2102,Rajan Menon,58,"Morigaon, Assam",poor,67586,daily_wage,0.0,kutcha,rented,2,1,0,0.7,0,1,0,25,75,Critical,100000,7805719838,rajan172@outlook.com
9443 8425 9971,Selvi Rao,33,"Alappuzha, Kerala",poor,35024,farmer,0.3,kutcha,rented,4,1,0,0.4,0,0,1,20,79,Critical,100000,9384066658,selvi867@gmail.com
1981 9556 4287,Usha Menon,45,"Darbhanga, Bihar",poor,73306,daily_wage,0.0,semi_pucca,owned,1,0,0,0.5,0,0,0,28,68,High,75000,6043973598,usha459@gmail.com
7757 5373 5702,Mohan Nair,63,"Srikakulam, Andhra Pradesh",middle,219445,small_business,0.0,semi_pucca,owned,2,0,0,5.2,0,0,0,22,51,High,35000,7347212281,mohan68@outlook.com
1606 4309 3610,Usha Yadav,39,"Araria, Bihar",lower_middle,133197,farmer,0.8,semi_pucca,owned,2,1,1,2.4,0,1,0,26,45,Medium,30000,9064842294,usha722@outlook.com
2375 6143 5882,Priya Sharma,26,"Araria, Bihar",poor,48204,daily_wage,0.0,kutcha,owned,2,1,0,0.9,0,0,0,26,76,Critical,100000,6572025909,priya803@outlook.com
9551 9605 5125,Rajesh Devi,53,"Srikakulam, Andhra Pradesh",middle,352341,salaried_private,0.0,pucca,owned,5,0,0,5.2,0,1,0,22,46,Medium,20000,8798515832,rajesh437@yahoo.com
4571 3363 2750,Rekha Yadav,33,"Darbhanga, Bihar",middle,212054,small_business,0.0,pucca,owned,3,0,0,5.2,0,0,0,28,58,High,35000,6826886153,rekha245@outlook.com
3374 6947 8786,Rekha Rao,67,"Araria, Bihar",lower_middle,157264,farmer,1.6,semi_pucca,owned,2,1,0,0.3,0,0,0,26,65,High,50000,7555439878,rekha834@yahoo.com
7302 6067 6945,Rekha Rao,65,"Morigaon, Assam",poor,69702,daily_wage,0.0,kutcha,owned,5,1,0,0.8,0,1,0,25,80,Critical,100000,6157399305,rekha203@gmail.com
3625 8190 6196,Saranya Nair,63,"Darbhanga, Bihar",poor,55754,daily_wage,0.0,kutcha,owned,1,0,0,0.3,0,0,0,28,73,High,75000,9164840858,saranya129@outlook.com
5275 9295 2087,Rajan Patel,44,"Srikakulam, Andhra Pradesh",poor,62223,daily_wage,0.0,kutcha,owned,0,1,0,0.8,0,0,0,22,67,High,75000,9704358112,rajan506@yahoo.com
6006 6140 2347,Selvi Nair,29,"Srikakulam, Andhra Pradesh",poor,79936,daily_wage,0.0,kutcha,owned,3,1,0,0.6,0,0,1,22,82,Critical,100000,6133613861,selvi185@outlook.com
3842 6367 5616,Arvind Rao,34,"Araria, Bihar",lower_middle,165089,farmer,2.2,semi_pucca,owned,5,0,0,2.4,0,1,0,26,62,High,50000,7075011024,arvind289@gmail.com
8576 4248 5289,Santosh Das,66,"Darbhanga, Bihar",middle,227681,salaried_private,0.0,semi_pucca,owned,2,1,0,5.2,0,1,1,28,56,High,35000,6934667665,santosh292@outlook.com
8433 9096 2941,Kamala Yadav,36,"Araria, Bihar",poor,69347,daily_wage,0.0,kutcha,owned,3,1,0,0.4,0,0,1,26,86,Critical,100000,6618091901,kamala682@outlook.com
3955 7693 3391,Prakash Yadav,23,"Araria, Bihar",lower_middle,144771,farmer,1.4,semi_pucca,rented,2,1,0,0.6,0,0,0,26,70,High,50000,8814491476,prakash383@outlook.com
7283 7935 5198,Selvi Nair,26,"Morigaon, Assam",lower_middle,112547,farmer,1.9,kutcha,owned,3,1,0,0.0,0,1,1,25,74,High,50000,9072832684,selvi82@yahoo.com
5155 9266 7241,Suresh Kumar,41,"Darbhanga, Bihar",lower_middle,110781,daily_wage,0.0,kutcha,rented,3,0,0,1.8,0,0,0,28,83,Critical,75000,7450882100,suresh583@gmail.com
2468 6198 9690,Parvathi Singh,49,"Srikakulam, Andhra Pradesh",poor,66671,daily_wage,0.0,kutcha,owned,5,1,0,0.2,0,0,1,22,87,Critical,100000,9881435368,parvathi950@gmail.com
5321 9470 6128,Mahesh Rao,49,"Araria, Bihar",middle,262121,salaried_private,0.0,semi_pucca,owned,1,1,1,5.4,0,0,0,26,39,Medium,20000,7223943129,mahesh212@outlook.com
3435 1894 4766,Anita Nair,33,"Araria, Bihar",upper_middle,657569,small_business,0.0,pucca,owned,3,0,1,10.7,0,0,0,26,36,Medium,10000,6878141413,anita804@outlook.com
8949 8499 9077,Krishnan Iyer,29,"Darbhanga, Bihar",upper_middle,485749,salaried_govt,0.0,pucca,owned,4,0,1,12.0,1,0,1,28,24,Low,0,9552314913,krishnan582@yahoo.com
1067 9618 3958,Geetha Menon,48,"Araria, Bihar",lower_middle,117239,daily_wage,0.0,semi_pucca,rented,0,1,0,1.5,0,1,0,26,66,High,50000,8775949299,geetha187@gmail.com
3519 1473 2328,Rajan Mehta,51,"Darbhanga, Bihar",poor,51538,daily_wage,0.0,kutcha,owned,3,1,0,0.7,0,0,0,28,83,Critical,100000,8562053364,rajan728@gmail.com
1797 5635 6294,Arvind Nair,25,"Srikakulam, Andhra Pradesh",lower_middle,157883,small_business,0.0,semi_pucca,owned,2,0,0,0.1,0,0,0,22,56,High,50000,8257775478,arvind372@yahoo.com
3525 2975 5891,Selvi Pillai,53,"Darbhanga, Bihar",poor,41666,farmer,0.8,kutcha,owned,5,1,0,0.0,0,1,1,28,82,Critical,100000,6291428341,selvi678@gmail.com
7931 2478 7922,Pushpa Menon,45,"Srikakulam, Andhra Pradesh",rich,1350656,business_owner,4.2,pucca,owned,3,1,1,9.6,0,0,0,22,27,Medium,0,6080996930,pushpa992@gmail.com
9638 9596 2375,Lakshmi Thakur,40,"Alappuzha, Kerala",poor,36091,daily_wage,0.0,kutcha,owned,2,1,0,0.5,0,1,0,20,65,High,75000,8887256394,lakshmi844@outlook.com
2253 1738 9411,Anita Iyer,28,"Srikakulam, Andhra Pradesh",poor,61300,farmer,1.0,kutcha,owned,5,1,0,0.3,0,1,1,22,76,Critical,100000,7788165803,anita557@yahoo.com
3985 7438 1741,Parvathi Patel,27,"Alappuzha, Kerala",poor,73309,farmer,0.8,kutcha,rented,3,0,0,0.6,0,0,1,20,74,High,75000,7827229927,parvathi93@outlook.com
4032 2281 5248,Sunita Nair,65,"Srikakulam, Andhra Pradesh",poor,59818,daily_wage,0.0,kutcha,owned,3,0,0,0.8,0,1,0,22,67,High,75000,8037314530,sunita771@outlook.com
6910 7471 5958,Nalini Pillai,27,"Darbhanga, Bihar",lower_middle,131764,small_business,0.0,semi_pucca,rented,4,1,0,1.4,0,0,0,28,77,Critical,75000,7856770051,nalini704@yahoo.com
9824 4127 2410,Rekha Yadav,41,"Araria, Bihar",poor,31041,daily_wage,0.0,kutcha,rented,0,1,0,0.0,0,0,1,26,81,Critical,100000,8498926659,rekha126@yahoo.com
4975 4298 5830,Deepak Menon,58,"Srikakulam, Andhra Pradesh",poor,37632,daily_wage,0.0,kutcha,owned,5,1,0,0.7,0,0,0,22,82,Critical,100000,6846386557,deepak752@gmail.com
8987 7548 8964,Mahesh Sharma,54,"Srikakulam, Andhra Pradesh",upper_middle,404128,salaried_private,0.0,pucca,owned,3,1,0,6.9,0,0,0,22,46,Medium,10000,9908272318,mahesh138@outlook.com
9106 6681 8345,Arun Devi,66,"Alappuzha, Kerala",lower_middle,149246,small_business,0.0,kutcha,owned,4,1,0,1.7,0,1,0,20,64,High,50000,8322259136,arun854@yahoo.com
5806 7395 7829,Parvathi Singh,65,"Srikakulam, Andhra Pradesh",poor,42596,daily_wage,0.0,kutcha,rented,5,1,0,0.5,0,0,0,22,87,Critical,100000,8177739260,parvathi150@outlook.com
7815 9089 5975,Nalini Devi,37,"Morigaon, Assam",lower_middle,117022,small_business,0.0,kutcha,owned,3,0,1,1.4,0,1,1,25,54,High,50000,7029922809,nalini163@outlook.com
8055 2867 4714,Mohan Mehta,29,"Araria, Bihar",lower_middle,114184,daily_wage,0.0,kutcha,owned,0,1,0,2.5,0,0,1,26,76,Critical,75000,7024286990,mohan568@gmail.com
2706 1826 8173,Rajesh Chaudhary,51,"Alappuzha, Kerala",poor,52303,daily_wage,0.0,kutcha,rented,4,0,0,0.8,0,0,0,20,75,Critical,100000,8137977236,rajesh98@outlook.com
5786 8233 9288,Radha Patel,53,"Darbhanga, Bihar",poor,36676,daily_wage,0.0,semi_pucca,owned,3,0,0,0.1,0,0,0,28,73,High,75000,7929842579,radha43@outlook.com
5698 9274 3805,Arun Mehta,27,"Darbhanga, Bihar",poor,39029,daily_wage,0.0,semi_pucca,owned,3,1,0,1.0,0,0,1,28,83,Critical,100000,6366210388,arun787@yahoo.com
7773 7706 8516,Arvind Yadav,55,"Morigaon, Assam",poor,53635,daily_wage,0.0,semi_pucca,owned,3,1,0,0.8,0,0,0,25,75,Critical,100000,9291279908,arvind535@gmail.com
2007 7443 1607,Vijay Yadav,64,"Morigaon, Assam",middle,218164,farmer,3.9,semi_pucca,owned,2,0,0,1.3,0,1,0,25,51,High,35000,6172980686,vijay672@outlook.com
6638 1129 5583,Saranya Mehta,55,"Araria, Bihar",lower_middle,166554,daily_wage,0.0,semi_pucca,owned,3,0,0,1.3,0,0,0,26,71,High,50000,8086376599,saranya398@yahoo.com
5940 2380 1605,Selvi Nair,56,"Alappuzha, Kerala",lower_middle,164394,farmer,1.6,semi_pucca,owned,5,1,0,2.0,0,0,0,20,69,High,50000,6624731498,selvi180@yahoo.com
3621 1383 1456,Kamala Mehta,56,"Morigaon, Assam",middle,368450,salaried_private,0.0,pucca,owned,2,0,1,6.0,0,1,0,25,19,Low,5000,9430098180,kamala372@gmail.com
3028 1782 3043,Rajesh Jha,50,"Alappuzha, Kerala",poor,49919,daily_wage,0.0,kutcha,owned,2,0,0,0.1,0,1,1,20,65,High,75000,9356512694,rajesh901@outlook.com
4831 6739 5902,Siva Chaudhary,40,"Morigaon, Assam",lower_middle,110945,daily_wage,0.0,semi_pucca,rented,1,0,0,1.7,0,0,0,25,70,High,50000,8869594636,siva811@gmail.com
2342 2511 2018,Usha Yadav,49,"Alappuzha, Kerala",lower_middle,176667,farmer,1.2,semi_pucca,owned,3,1,0,2.5,0,0,1,20,69,High,50000,9258874495,usha744@gmail.com
9020 7830 3668,Usha Gupta,31,"Araria, Bihar",poor,54202,farmer,0.4,kutcha,owned,4,1,0,0.8,0,0,0,26,75,Critical,100000,9213721386,usha247@gmail.com
7051 2945 7694,Suresh Patel,29,"Alappuzha, Kerala",poor,38479,daily_wage,0.0,kutcha,owned,1,0,0,0.5,0,0,0,20,65,High,75000,8890260127,suresh639@outlook.com
7910 1797 5999,Lakshmi Singh,40,"Darbhanga, Bihar",middle,255914,salaried_private,0.0,pucca,owned,3,1,1,2.9,0,1,0,28,42,Medium,20000,9114351906,lakshmi632@gmail.com
8411 6534 7181,Saranya Menon,52,"Araria, Bihar",middle,308134,small_business,0.0,pucca,owned,3,1,0,1.3,0,1,0,26,61,High,35000,9984902770,saranya788@yahoo.com
4814 7478 6554,Govind Mishra,56,"Alappuzha, Kerala",poor,60207,daily_wage,0.0,kutcha,owned,4,0,0,0.1,0,0,1,20,75,Critical,100000,7843098839,govind635@yahoo.com
2395 4152 9877,Meena Iyer,58,"Darbhanga, Bihar",middle,252712,salaried_private,0.0,pucca,owned,4,0,0,4.5,0,0,0,28,52,High,35000,7053021465,meena174@yahoo.com
8278 2386 9741,Rekha Menon,60,"Darbhanga, Bihar",poor,31223,daily_wage,0.0,kutcha,owned,3,1,0,0.2,0,1,0,28,78,Critical,100000,9693801184,rekha358@outlook.com
3755 5675 3359,Rajan Iyer,33,"Morigaon, Assam",poor,31524,farmer,0.2,semi_pucca,rented,1,1,1,0.5,0,0,1,25,59,High,75000,8543937690,rajan801@outlook.com
2617 6243 3334,Saranya Mishra,48,"Morigaon, Assam",upper_middle,560848,salaried_private,0.0,semi_pucca,owned,1,0,0,3.5,0,1,0,25,43,Medium,10000,8268181845,saranya64@yahoo.com
2885 5412 1993,Rajesh Mishra,42,"Morigaon, Assam",upper_middle,463421,small_business,0.0,pucca,owned,3,1,1,8.4,0,1,0,25,35,Medium,10000,6848947697,rajesh924@yahoo.com
